-- phpMyAdmin SQL Dump
-- version 5.2.1
-- https://www.phpmyadmin.net/
--
-- Host: 127.0.0.1
-- Generation Time: Mar 13, 2024 at 06:05 AM
-- Server version: 10.4.28-MariaDB
-- PHP Version: 8.1.17

SET SQL_MODE = "NO_AUTO_VALUE_ON_ZERO";
START TRANSACTION;
SET time_zone = "+00:00";


/*!40101 SET @OLD_CHARACTER_SET_CLIENT=@@CHARACTER_SET_CLIENT */;
/*!40101 SET @OLD_CHARACTER_SET_RESULTS=@@CHARACTER_SET_RESULTS */;
/*!40101 SET @OLD_COLLATION_CONNECTION=@@COLLATION_CONNECTION */;
/*!40101 SET NAMES utf8mb4 */;

--
-- Database: `pedo_v1`
--

-- --------------------------------------------------------

--
-- Table structure for table `adjustments`
--

CREATE TABLE `adjustments` (
  `id` int(11) NOT NULL,
  `amount` int(11) NOT NULL,
  `cm_id` int(11) NOT NULL,
  `is_used` int(11) NOT NULL DEFAULT 0,
  `remarks` text DEFAULT NULL,
  `bill_id` int(11) DEFAULT NULL,
  `created_by` int(11) NOT NULL,
  `created_at` datetime NOT NULL DEFAULT current_timestamp(),
  `updated_at` timestamp NOT NULL DEFAULT current_timestamp()
) ENGINE=InnoDB DEFAULT CHARSET=utf8mb4 COLLATE=utf8mb4_general_ci;

-- --------------------------------------------------------

--
-- Table structure for table `banks`
--

CREATE TABLE `banks` (
  `id` int(11) NOT NULL,
  `code` varchar(50) NOT NULL,
  `title` varchar(200) NOT NULL,
  `bank_desc` text DEFAULT NULL
) ENGINE=InnoDB DEFAULT CHARSET=utf8mb4 COLLATE=utf8mb4_general_ci;

--
-- Dumping data for table `banks`
--

INSERT INTO `banks` (`id`, `code`, `title`, `bank_desc`) VALUES
(1, '0013', 'HBL', 'kohat road branch');

-- --------------------------------------------------------

--
-- Table structure for table `bill_generates`
--

CREATE TABLE `bill_generates` (
  `id` int(11) NOT NULL,
  `month_year` date NOT NULL,
  `status` varchar(50) DEFAULT 'generated',
  `generated_by` int(11) NOT NULL,
  `created_at` datetime NOT NULL,
  `updated_at` datetime NOT NULL,
  `due_date` date DEFAULT NULL,
  `is_verified` tinyint(4) NOT NULL DEFAULT 0
) ENGINE=InnoDB DEFAULT CHARSET=utf8mb4 COLLATE=utf8mb4_general_ci;

--
-- Dumping data for table `bill_generates`
--

INSERT INTO `bill_generates` (`id`, `month_year`, `status`, `generated_by`, `created_at`, `updated_at`, `due_date`, `is_verified`) VALUES
(1, '2024-01-01', 'generated', 1, '2024-03-11 09:31:20', '2024-03-11 09:31:21', '2024-03-22', 0);

-- --------------------------------------------------------

--
-- Table structure for table `charges_types`
--

CREATE TABLE `charges_types` (
  `id` int(11) NOT NULL,
  `title` text NOT NULL,
  `is_active` tinyint(4) NOT NULL DEFAULT 0
) ENGINE=InnoDB DEFAULT CHARSET=utf8mb4 COLLATE=utf8mb4_general_ci;

--
-- Dumping data for table `charges_types`
--

INSERT INTO `charges_types` (`id`, `title`, `is_active`) VALUES
(1, 'F.S Surcharge', 1),
(2, 'F.P.A', 1),
(3, 'Q.T Adjustment', 1);

-- --------------------------------------------------------

--
-- Table structure for table `consumers`
--

CREATE TABLE `consumers` (
  `id` int(10) UNSIGNED NOT NULL,
  `full_name` varchar(255) NOT NULL,
  `father_name` varchar(100) DEFAULT NULL,
  `cnic` varchar(20) DEFAULT NULL,
  `address` text DEFAULT NULL,
  `consumer_code` varchar(50) DEFAULT NULL,
  `connection_date` date DEFAULT NULL,
  `telephone` varchar(255) DEFAULT NULL,
  `mobile` varchar(255) DEFAULT NULL,
  `total_credits` decimal(10,2) NOT NULL DEFAULT 0.00,
  `consumer_category_id` int(11) NOT NULL,
  `status` varchar(255) NOT NULL DEFAULT 'active',
  `created_at` timestamp NULL DEFAULT NULL,
  `updated_at` timestamp NULL DEFAULT NULL,
  `feeder_id` int(11) NOT NULL
) ENGINE=MyISAM DEFAULT CHARSET=utf8mb4 COLLATE=utf8mb4_unicode_ci;

--
-- Dumping data for table `consumers`
--

INSERT INTO `consumers` (`id`, `full_name`, `father_name`, `cnic`, `address`, `consumer_code`, `connection_date`, `telephone`, `mobile`, `total_credits`, `consumer_category_id`, `status`, `created_at`, `updated_at`, `feeder_id`) VALUES
(1, 'Shah', 'xyz', NULL, 'abc', '1', NULL, NULL, '12345678', 0.00, 1, 'active', '2023-12-14 05:19:18', '2023-12-14 05:19:18', 1),
(2, 'abc customer', 'abc', NULL, 'ring road', '2', NULL, NULL, '12354687', 0.00, 1, 'active', '2023-12-20 23:48:04', '2023-12-20 23:48:04', 4);

-- --------------------------------------------------------

--
-- Table structure for table `consumer_bills`
--

CREATE TABLE `consumer_bills` (
  `id` int(11) NOT NULL,
  `cm_id` int(11) NOT NULL,
  `generate_bill_id` int(11) NOT NULL,
  `reading_id` int(11) NOT NULL,
  `billing_month_year` date DEFAULT NULL,
  `peak_units` int(11) NOT NULL DEFAULT 0,
  `offpeak_units` double NOT NULL DEFAULT 0,
  `Units` int(11) DEFAULT 0,
  `currentbill` double NOT NULL DEFAULT 0,
  `total_taxes` double NOT NULL DEFAULT 0,
  `total_charges` double NOT NULL DEFAULT 0,
  `net_bill` double NOT NULL,
  `net_previous_remain` double NOT NULL DEFAULT 0,
  `arrears` double DEFAULT 0,
  `gTotal` double NOT NULL DEFAULT 0,
  `off_peak_bill_breakup` text DEFAULT NULL,
  `charges_breakup` text DEFAULT NULL,
  `taxes_breakup` text DEFAULT NULL,
  `adjustment` double NOT NULL DEFAULT 0,
  `service_charges` int(11) DEFAULT 0,
  `WithinDuedate` double NOT NULL DEFAULT 0,
  `AfterdueDate` double NOT NULL DEFAULT 0,
  `IssueDate` timestamp NOT NULL DEFAULT current_timestamp(),
  `DueDate` datetime DEFAULT NULL,
  `IsPayed` varchar(1) NOT NULL DEFAULT '0',
  `is_payed_on_date` int(11) NOT NULL DEFAULT 0,
  `consider_amount` double NOT NULL DEFAULT 0,
  `paid_amount` double NOT NULL DEFAULT 0,
  `paid_on` date DEFAULT NULL,
  `paid_by` varchar(10) DEFAULT NULL,
  `l_p_surcharge` float NOT NULL DEFAULT 0,
  `sub_cat_finded_id` int(11) DEFAULT NULL,
  `tarrif_code` varchar(50) NOT NULL,
  `ref_no_for_bill` int(11) NOT NULL COMMENT 'this is not unique, can be change'
) ENGINE=InnoDB DEFAULT CHARSET=latin1 COLLATE=latin1_swedish_ci;

--
-- Dumping data for table `consumer_bills`
--

INSERT INTO `consumer_bills` (`id`, `cm_id`, `generate_bill_id`, `reading_id`, `billing_month_year`, `peak_units`, `offpeak_units`, `Units`, `currentbill`, `total_taxes`, `total_charges`, `net_bill`, `net_previous_remain`, `arrears`, `gTotal`, `off_peak_bill_breakup`, `charges_breakup`, `taxes_breakup`, `adjustment`, `service_charges`, `WithinDuedate`, `AfterdueDate`, `IssueDate`, `DueDate`, `IsPayed`, `is_payed_on_date`, `consider_amount`, `paid_amount`, `paid_on`, `paid_by`, `l_p_surcharge`, `sub_cat_finded_id`, `tarrif_code`, `ref_no_for_bill`) VALUES
(1, 2, 1, 1, '2024-01-01', 0, 100, 0, 584.5, 11, 124.89, 720.03, 0, 0, 720, '[{\"units\":50,\"charges\":3.95},{\"units\":50,\"charges\":7.74}]', '[{\"code\":\"QTRTA\",\"charges\":1.2489,\"calculated_charges\":124.89,\"charges_type\":\"Q.T Adjustment\"},{\"code\":null,\"charges\":0,\"calculated_charges\":0,\"charges_type\":\"F.S Surcharge\"}]', '[{\"code\":\"ED\",\"tax_type\":\"E.D\",\"percentage\":1.5,\"calculated_tax\":10.64},{\"code\":\"EDFPA\",\"tax_type\":\"E.D on FPA\",\"percentage\":1.5,\"calculated_tax\":0}]', 0, 25, 745, 803, '2024-03-11 09:31:21', '2024-03-22 00:00:00', '0', 0, 803, 0, NULL, NULL, 58.45, 1, 'A-1', 1002),
(2, 1, 1, 2, '2024-01-01', 0, 0, 0, 75, 1, 0, 76.13, 0, 0, 76, '[]', '[{\"code\":\"QTRTA\",\"charges\":1.2489,\"calculated_charges\":0,\"charges_type\":\"Q.T Adjustment\"},{\"code\":null,\"charges\":0,\"calculated_charges\":0,\"charges_type\":\"F.S Surcharge\"}]', '[{\"code\":\"ED\",\"tax_type\":\"E.D\",\"percentage\":1.5,\"calculated_tax\":1.13},{\"code\":\"EDFPA\",\"tax_type\":\"E.D on FPA\",\"percentage\":1.5,\"calculated_tax\":0}]', 0, 25, 101, 109, '2024-03-11 09:31:21', '2024-03-22 00:00:00', '1', 1, 101, 101, '2024-03-15', '1', 7.5, 1, 'A-1', 1001);

-- --------------------------------------------------------

--
-- Table structure for table `consumer_categories`
--

CREATE TABLE `consumer_categories` (
  `id` int(10) UNSIGNED NOT NULL,
  `name` varchar(255) NOT NULL,
  `tarrif_code` varchar(50) DEFAULT NULL,
  `is_active` tinyint(1) NOT NULL,
  `created_at` timestamp NULL DEFAULT NULL,
  `updated_at` timestamp NULL DEFAULT NULL
) ENGINE=MyISAM DEFAULT CHARSET=utf8mb4 COLLATE=utf8mb4_unicode_ci;

--
-- Dumping data for table `consumer_categories`
--

INSERT INTO `consumer_categories` (`id`, `name`, `tarrif_code`, `is_active`, `created_at`, `updated_at`) VALUES
(1, 'Domestic', 'A-1', 1, '2023-09-27 05:36:16', '2023-10-30 01:27:31'),
(2, 'Commericial', 'A-2', 1, '2023-09-27 05:36:25', '2023-09-27 05:36:25'),
(3, 'Industrial', 'A-3', 1, '2023-10-17 05:43:15', '2023-10-17 05:43:25');

-- --------------------------------------------------------

--
-- Table structure for table `consumer_ledgers`
--

CREATE TABLE `consumer_ledgers` (
  `id` int(11) NOT NULL,
  `amount` double NOT NULL DEFAULT 0,
  `late_fee` double NOT NULL DEFAULT 0,
  `remarks` text NOT NULL,
  `created_at` timestamp NULL DEFAULT current_timestamp(),
  `bill_id` int(11) DEFAULT NULL,
  `payment_id` int(11) DEFAULT NULL,
  `cm_id` int(11) NOT NULL
) ENGINE=InnoDB DEFAULT CHARSET=utf8mb4 COLLATE=utf8mb4_general_ci;

--
-- Dumping data for table `consumer_ledgers`
--

INSERT INTO `consumer_ledgers` (`id`, `amount`, `late_fee`, `remarks`, `created_at`, `bill_id`, `payment_id`, `cm_id`) VALUES
(1, 778, 0, '', '2024-03-11 09:31:21', 1, NULL, 2),
(2, 84, -7.5, '', '2024-03-11 09:31:21', 2, NULL, 1),
(3, -101, 0, '', '2024-03-11 09:37:19', NULL, 1, 1);

-- --------------------------------------------------------

--
-- Table structure for table `consumer_meters`
--

CREATE TABLE `consumer_meters` (
  `cm_id` int(11) NOT NULL,
  `consumer_id` int(11) NOT NULL,
  `meter_no` int(11) NOT NULL,
  `ref_no` bigint(100) NOT NULL,
  `system_unique_no` bigint(20) NOT NULL,
  `mannual_ref_no` bigint(20) NOT NULL DEFAULT 0,
  `connection_date` date DEFAULT NULL,
  `definition_date` date DEFAULT NULL,
  `previous_reading_off_peak` int(11) NOT NULL DEFAULT 0,
  `previous_reading_peak` int(11) NOT NULL DEFAULT 0,
  `arrear` float NOT NULL DEFAULT 0,
  `created_at` timestamp NOT NULL DEFAULT current_timestamp(),
  `updated_at` timestamp NOT NULL DEFAULT current_timestamp()
) ENGINE=InnoDB DEFAULT CHARSET=utf8mb4 COLLATE=utf8mb4_general_ci;

--
-- Dumping data for table `consumer_meters`
--

INSERT INTO `consumer_meters` (`cm_id`, `consumer_id`, `meter_no`, `ref_no`, `system_unique_no`, `mannual_ref_no`, `connection_date`, `definition_date`, `previous_reading_off_peak`, `previous_reading_peak`, `arrear`, `created_at`, `updated_at`) VALUES
(1, 1, 2, 1001, 0, 1001, '2023-12-14', '2023-12-14', 0, 0, 0, '2023-12-14 10:19:18', '2024-03-11 04:31:00'),
(2, 2, 1002, 1002, 0, 1002, '2023-12-21', '2023-12-21', 100, 0, 0, '2023-12-21 04:48:04', '2024-03-11 04:31:00');

-- --------------------------------------------------------

--
-- Table structure for table `consumer_sub_categories`
--

CREATE TABLE `consumer_sub_categories` (
  `id` int(10) UNSIGNED NOT NULL,
  `consumer_category_id` int(11) NOT NULL,
  `name` varchar(255) NOT NULL,
  `category_conditon_start` int(11) NOT NULL,
  `category_conditon_end` int(11) NOT NULL,
  `priority` int(11) NOT NULL DEFAULT 1,
  `is_active` tinyint(1) NOT NULL,
  `created_at` timestamp NULL DEFAULT NULL,
  `updated_at` timestamp NULL DEFAULT NULL,
  `check_months` int(11) NOT NULL,
  `last_slab_apply` int(11) NOT NULL DEFAULT 0
) ENGINE=MyISAM DEFAULT CHARSET=utf8mb4 COLLATE=utf8mb4_unicode_ci;

--
-- Dumping data for table `consumer_sub_categories`
--

INSERT INTO `consumer_sub_categories` (`id`, `consumer_category_id`, `name`, `category_conditon_start`, `category_conditon_end`, `priority`, `is_active`, `created_at`, `updated_at`, `check_months`, `last_slab_apply`) VALUES
(1, 1, 'Life line', 0, 100, 3, 1, NULL, NULL, 12, 0),
(2, 1, 'Protected', 101, 200, 2, 1, NULL, NULL, 6, 0),
(3, 1, 'un-protected', 201, 70000, 1, 1, NULL, NULL, 6, 1),
(4, 2, 'Commerial', 0, 70000, 1, 1, NULL, NULL, 0, 1),
(7, 3, 'industrial', 0, 100000, 1, 1, NULL, NULL, 1, 0);

-- --------------------------------------------------------

--
-- Table structure for table `divisions`
--

CREATE TABLE `divisions` (
  `id` int(11) NOT NULL,
  `division_code` int(11) NOT NULL,
  `name` text NOT NULL,
  `description` text DEFAULT NULL,
  `is_active` tinyint(4) NOT NULL DEFAULT 0
) ENGINE=InnoDB DEFAULT CHARSET=utf8mb4 COLLATE=utf8mb4_general_ci;

--
-- Dumping data for table `divisions`
--

INSERT INTO `divisions` (`id`, `division_code`, `name`, `description`, `is_active`) VALUES
(1, 42, 'Charsadda', NULL, 1),
(2, 6, 'Dir', NULL, 1),
(3, 1, 'Upper Chitral', NULL, 1);

-- --------------------------------------------------------

--
-- Table structure for table `failed_jobs`
--

CREATE TABLE `failed_jobs` (
  `id` bigint(20) UNSIGNED NOT NULL,
  `uuid` varchar(255) NOT NULL,
  `connection` text NOT NULL,
  `queue` text NOT NULL,
  `payload` longtext NOT NULL,
  `exception` longtext NOT NULL,
  `failed_at` timestamp NOT NULL DEFAULT current_timestamp()
) ENGINE=InnoDB DEFAULT CHARSET=utf8mb4 COLLATE=utf8mb4_unicode_ci;

-- --------------------------------------------------------

--
-- Table structure for table `feeders`
--

CREATE TABLE `feeders` (
  `id` int(11) NOT NULL,
  `feeder_code` int(11) NOT NULL,
  `name` text NOT NULL,
  `is_active` tinyint(4) NOT NULL DEFAULT 0,
  `sub_division_id` int(11) DEFAULT NULL
) ENGINE=InnoDB DEFAULT CHARSET=utf8mb4 COLLATE=utf8mb4_general_ci;

--
-- Dumping data for table `feeders`
--

INSERT INTO `feeders` (`id`, `feeder_code`, `name`, `is_active`, `sub_division_id`) VALUES
(1, 8, 'Sardhari 132 kv charsada', 1, 1),
(2, 26, 'Chitral Area', 1, 2),
(3, 7, 'Reshun-2', 1, 3),
(4, 6, 'Reshun-1', 1, 2),
(5, 8, 'Reshun-3', 1, 2);

-- --------------------------------------------------------

--
-- Table structure for table `general_taxs`
--

CREATE TABLE `general_taxs` (
  `id` int(11) NOT NULL,
  `tax_percentage` float NOT NULL,
  `tax_type_id` int(11) NOT NULL,
  `is_active` tinyint(4) NOT NULL DEFAULT 0,
  `con_cat_id` int(11) NOT NULL,
  `applicable_on` varchar(20) NOT NULL DEFAULT 'units',
  `code` varchar(50) DEFAULT NULL
) ENGINE=InnoDB DEFAULT CHARSET=utf8mb4 COLLATE=utf8mb4_general_ci;

--
-- Dumping data for table `general_taxs`
--

INSERT INTO `general_taxs` (`id`, `tax_percentage`, `tax_type_id`, `is_active`, `con_cat_id`, `applicable_on`, `code`) VALUES
(15, 1.5, 14, 1, 1, 'charges', 'ED'),
(16, 3, 14, 1, 2, 'charges', 'ED'),
(17, 1.5, 15, 1, 1, 'charges', 'EDFPA'),
(18, 3, 15, 1, 2, 'units', 'EDFPA');

-- --------------------------------------------------------

--
-- Table structure for table `master_categories`
--

CREATE TABLE `master_categories` (
  `id` int(10) UNSIGNED NOT NULL,
  `name` varchar(255) NOT NULL,
  `slug` varchar(255) DEFAULT NULL,
  `icon_class` varchar(255) NOT NULL,
  `is_active` tinyint(1) NOT NULL,
  `created_at` timestamp NULL DEFAULT NULL,
  `updated_at` timestamp NULL DEFAULT NULL
) ENGINE=MyISAM DEFAULT CHARSET=utf8mb4 COLLATE=utf8mb4_unicode_ci;

-- --------------------------------------------------------

--
-- Table structure for table `meters_old`
--

CREATE TABLE `meters_old` (
  `meter_id` int(11) NOT NULL,
  `meter_no` varchar(100) NOT NULL,
  `status` varchar(20) NOT NULL DEFAULT 'free'
) ENGINE=InnoDB DEFAULT CHARSET=utf8mb4 COLLATE=utf8mb4_general_ci;

--
-- Dumping data for table `meters_old`
--

INSERT INTO `meters_old` (`meter_id`, `meter_no`, `status`) VALUES
(1, '10000501', 'assigned'),
(2, '10023230', 'assigned'),
(3, '10034130', 'assigned'),
(4, '10105016', 'assigned'),
(5, '198275', 'assigned'),
(6, '10012895', 'assigned'),
(7, '10029981', 'assigned'),
(8, '65172', 'assigned'),
(9, '960231862', 'assigned'),
(10, '254195', 'assigned'),
(11, '10105204', 'assigned'),
(12, '254101', 'assigned'),
(13, '10105547', 'assigned'),
(14, '218095', 'assigned'),
(15, '10104520', 'assigned'),
(16, '208814', 'assigned'),
(17, '5240219', 'assigned'),
(18, '532', 'assigned'),
(19, '217526', 'assigned'),
(20, '197787', 'assigned'),
(21, '5240611', 'assigned'),
(22, '208478', 'assigned'),
(23, '2159', 'assigned'),
(24, '92918', 'assigned'),
(25, '2592', 'assigned'),
(26, '198165', 'assigned'),
(27, '2738', 'assigned'),
(28, '2686', 'assigned'),
(29, '2306', 'assigned'),
(30, '707', 'assigned'),
(31, '10091936', 'assigned'),
(32, '33965', 'assigned'),
(33, '209046', 'assigned'),
(34, '208898', 'assigned'),
(35, '839596', 'assigned'),
(36, '864374', 'assigned'),
(37, '287810', 'assigned'),
(38, '4076', 'assigned'),
(39, '10043671', 'assigned'),
(40, '3851', 'assigned'),
(41, '193330', 'assigned'),
(42, '253279', 'assigned'),
(43, '5240455', 'assigned'),
(44, '198035', 'assigned'),
(45, '217868', 'assigned'),
(46, '2686828', 'assigned'),
(47, '4378', 'assigned'),
(48, '308034', 'assigned'),
(49, '146608', 'assigned'),
(50, '289137', 'assigned'),
(51, '5240008', 'assigned'),
(52, '197548', 'assigned'),
(53, '223959', 'assigned'),
(54, '10092085', 'assigned'),
(55, '193191', 'assigned'),
(56, '5241048', 'assigned'),
(57, '3580', 'assigned'),
(58, '4157', 'assigned'),
(59, '218075', 'assigned'),
(60, '197586', 'assigned'),
(61, '192293', 'assigned'),
(62, '5240515', 'assigned'),
(63, '5241036', 'assigned'),
(64, '5240485', 'assigned'),
(65, '3592', 'assigned'),
(66, '739', 'assigned'),
(67, '4131', 'assigned'),
(68, '193185', 'assigned'),
(69, '192449', 'assigned'),
(70, '880915', 'assigned'),
(71, '192438', 'assigned'),
(72, '197613', 'assigned'),
(73, '3804', 'assigned'),
(74, '8716', 'assigned'),
(75, '208984', 'assigned'),
(76, '218312', 'assigned'),
(77, '198273', 'assigned'),
(78, '5400007', 'assigned'),
(79, '5367045', 'assigned'),
(80, '217833', 'assigned'),
(81, '218026', 'assigned'),
(82, '10043701', 'assigned'),
(83, '881917', 'assigned'),
(84, '217768', 'assigned'),
(85, '10105495', 'assigned'),
(86, '838996', 'assigned'),
(87, '13263', 'assigned'),
(88, '208623', 'assigned'),
(89, '217786', 'assigned'),
(90, '5239970', 'assigned'),
(91, '8154905', 'assigned'),
(92, '197794', 'assigned'),
(93, '5240935', 'assigned'),
(94, '167823', 'assigned'),
(95, '312137', 'assigned'),
(96, '555504', 'assigned'),
(97, '287548', 'assigned'),
(98, '5240880', 'assigned'),
(99, '288308', 'assigned'),
(100, '5240750', 'assigned'),
(101, '3371', 'assigned'),
(102, '39908', 'assigned'),
(103, '5240816', 'assigned'),
(104, '556747', 'assigned'),
(105, '65215', 'assigned'),
(106, '3885', 'assigned'),
(107, '3575', 'assigned'),
(108, '5240769', 'assigned'),
(109, '197907', 'assigned'),
(110, '193083', 'assigned'),
(111, '555741', 'assigned'),
(112, '304337', 'assigned'),
(113, '288279', 'assigned'),
(114, '3030468', 'assigned'),
(115, '187', 'assigned'),
(116, '41697', 'assigned'),
(117, '9268', 'assigned'),
(118, '10043824', 'assigned'),
(119, '38670', 'assigned'),
(120, '193225', 'assigned'),
(121, '303735', 'assigned'),
(122, '193309', 'assigned'),
(123, '671370', 'assigned'),
(124, '10021962', 'assigned'),
(125, '316938', 'assigned'),
(126, '303415', 'assigned'),
(127, '307308', 'assigned'),
(128, '566148', 'assigned'),
(129, '585221', 'assigned'),
(130, '317481', 'assigned'),
(131, '321109', 'assigned'),
(132, '3301', 'assigned'),
(133, '197578', 'assigned'),
(134, '307266', 'assigned'),
(135, '10104769', 'assigned'),
(136, '197561', 'assigned'),
(137, '41972', 'assigned'),
(138, '10099032', 'assigned'),
(139, '19615', 'assigned'),
(140, '197540', 'assigned'),
(141, '556816', 'assigned'),
(142, '840872', 'assigned'),
(143, '838853', 'assigned'),
(144, '44061', 'assigned'),
(145, '5240779', 'assigned'),
(146, '5240060', 'assigned'),
(147, '4145', 'assigned'),
(148, '5372645', 'assigned'),
(149, '31909', 'assigned'),
(150, '5239979', 'assigned'),
(151, '5239980', 'assigned'),
(152, '10105195', 'assigned'),
(153, '303064', 'assigned'),
(154, '287632', 'assigned'),
(155, '304478', 'assigned'),
(156, '315158', 'assigned'),
(157, '305428', 'assigned'),
(158, '559565', 'assigned'),
(159, '307331', 'assigned'),
(160, '307108', 'assigned'),
(161, '44866', 'assigned'),
(162, '555583', 'assigned'),
(163, '304822', 'assigned'),
(164, '840732', 'assigned'),
(165, '75269', 'assigned'),
(166, '5240882', 'assigned'),
(167, '556791', 'assigned'),
(168, '311857', 'assigned'),
(169, '557516', 'assigned'),
(170, '192367', 'assigned'),
(171, '5240992', 'assigned'),
(172, '561128', 'assigned'),
(173, '254239', 'assigned'),
(174, '287952', 'assigned'),
(175, '309579', 'assigned'),
(176, '10037933', 'assigned'),
(177, '4402', 'assigned'),
(178, '37189', 'assigned'),
(179, '2', 'assigned'),
(180, '49', 'assigned'),
(181, '596', 'assigned'),
(182, '217513', 'assigned'),
(183, '679', 'assigned'),
(184, '441', 'assigned'),
(185, '440', 'assigned'),
(186, '515', 'assigned'),
(187, '785', 'assigned'),
(188, '10037734', 'assigned'),
(189, '778', 'assigned'),
(190, '127697', 'assigned'),
(191, '138275', 'assigned'),
(192, '3345', 'assigned'),
(193, '10104171', 'assigned'),
(194, '555361', 'assigned'),
(195, '312189', 'assigned'),
(196, '4131', 'assigned'),
(197, '193334', 'assigned'),
(198, '841270', 'assigned'),
(199, '3863', 'assigned'),
(200, '167916', 'assigned'),
(201, '5240867', 'assigned'),
(202, '197603', 'assigned'),
(203, '1774834', 'assigned'),
(204, '315722', 'assigned'),
(205, '1774834', 'assigned'),
(206, '217533', 'assigned'),
(207, '4145', 'assigned'),
(208, '851635', 'assigned'),
(209, '193179', 'assigned'),
(210, '218305', 'assigned'),
(211, '193285', 'assigned'),
(212, '559435', 'assigned'),
(213, '873244', 'assigned'),
(214, '208592', 'assigned'),
(215, '209178', 'assigned'),
(216, '557417', 'assigned'),
(217, '9211', 'assigned'),
(218, '3194953', 'assigned'),
(219, '560486', 'assigned'),
(220, '208484', 'assigned'),
(221, '3830', 'assigned'),
(222, '5240059', 'assigned'),
(223, '198374', 'assigned'),
(224, '277', 'assigned'),
(225, '10037036', 'assigned'),
(226, '193270', 'assigned'),
(227, '3392', 'assigned'),
(228, '10000459', 'assigned'),
(229, '305730', 'assigned'),
(230, '4155', 'assigned'),
(231, '558660', 'assigned'),
(232, '562086', 'assigned'),
(233, '2197', 'assigned'),
(234, '999608', 'assigned'),
(235, '562043', 'assigned'),
(236, '562021', 'assigned'),
(237, '561829', 'assigned'),
(238, '40264', 'assigned'),
(239, '3466', 'assigned'),
(240, '193246', 'assigned'),
(241, '3303', 'assigned'),
(242, '9228', 'assigned'),
(243, '208678', 'assigned'),
(244, '997', 'assigned'),
(245, '72194', 'assigned'),
(246, '41537', 'assigned'),
(247, '41365', 'assigned'),
(248, '10235', 'assigned'),
(249, '317089', 'assigned'),
(250, '217498', 'assigned'),
(251, '192451', 'assigned'),
(252, '566881', 'assigned'),
(253, '9227', 'assigned'),
(254, '192392', 'assigned'),
(255, '321076', 'assigned'),
(256, '558435', 'assigned'),
(257, '311675', 'assigned'),
(258, '213717', 'assigned'),
(259, '315524', 'assigned'),
(260, '561128', 'assigned'),
(261, '317414', 'assigned'),
(262, '305837', 'assigned'),
(263, '10104569', 'assigned'),
(264, '197686', 'assigned'),
(265, '334305', 'assigned'),
(266, '10105623', 'assigned'),
(267, '311353', 'assigned'),
(268, '209286', 'assigned'),
(269, '556854', 'assigned'),
(270, '193409', 'assigned'),
(271, '193042', 'assigned'),
(272, '214417', 'assigned'),
(273, '65076', 'assigned'),
(274, '314978', 'assigned'),
(275, '558480', 'assigned'),
(276, '319134', 'assigned'),
(277, '838887', 'assigned'),
(278, '192206', 'assigned'),
(279, '217798', 'assigned'),
(280, '4927970', 'assigned'),
(281, '41071', 'assigned'),
(282, '314048', 'assigned'),
(283, '5355428', 'assigned'),
(284, '197709', 'assigned'),
(285, '303033', 'assigned'),
(286, '304424', 'assigned'),
(287, '685', 'assigned'),
(288, '313847', 'assigned'),
(289, '198146', 'assigned'),
(290, '10100272', 'assigned'),
(291, '10105523', 'assigned'),
(292, '10105524', 'assigned'),
(293, '3696', 'assigned'),
(294, '315331', 'assigned'),
(295, '315406', 'assigned'),
(296, '318656', 'assigned'),
(297, '10104477', 'assigned'),
(298, '10104301', 'assigned'),
(299, '309826', 'assigned'),
(300, '560713', 'assigned'),
(301, '308852', 'assigned'),
(302, '3313', 'assigned'),
(303, '369325', 'assigned'),
(304, '4444', 'assigned'),
(305, '209144', 'assigned'),
(306, '169', 'assigned'),
(307, '304025', 'assigned'),
(308, '10105747', 'assigned'),
(309, '578152', 'assigned'),
(310, '321233', 'assigned'),
(311, '5239774', 'assigned'),
(312, '5241056', 'assigned'),
(313, '260105', 'assigned'),
(314, '559907', 'assigned'),
(315, '5240554', 'assigned'),
(316, '39488', 'assigned'),
(317, '197965', 'assigned'),
(318, '999554', 'assigned'),
(319, '303333', 'assigned'),
(320, '5240778', 'assigned'),
(321, '310493', 'assigned'),
(322, '24159', 'assigned'),
(323, '791', 'assigned'),
(324, '314642', 'assigned'),
(325, '314560', 'assigned'),
(326, '555813', 'assigned'),
(327, '192910', 'assigned'),
(328, '311019', 'assigned'),
(329, '555674', 'assigned'),
(330, '3233', 'assigned'),
(331, '3377', 'assigned'),
(332, '851750', 'assigned'),
(333, '5240063', 'assigned'),
(334, '218095', 'assigned'),
(335, '707', 'assigned'),
(336, '5240102', 'assigned'),
(337, '564383', 'assigned'),
(338, '653', 'assigned'),
(339, '317772', 'assigned'),
(340, '562367', 'assigned'),
(341, '13529', 'assigned'),
(342, '317661', 'assigned'),
(343, '192373', 'assigned'),
(344, '38746', 'assigned'),
(345, '847958', 'assigned'),
(346, '301752', 'assigned'),
(347, '167951', 'assigned'),
(348, '555976', 'assigned'),
(349, '716', 'assigned'),
(350, '10105420', 'assigned'),
(351, '303744', 'assigned'),
(352, '10051581', 'assigned'),
(353, '10105180', 'assigned'),
(354, '334298', 'assigned'),
(355, '208715', 'assigned'),
(356, '9672', 'assigned'),
(357, '853648', 'assigned'),
(358, '5240663', 'assigned'),
(359, '197842', 'assigned'),
(360, '254330', 'assigned'),
(361, '24771', 'assigned'),
(362, '3302', 'assigned'),
(363, '4090', 'assigned'),
(364, '838996', 'assigned'),
(365, '128279', 'assigned'),
(366, '3843', 'assigned'),
(367, '5240777', 'assigned'),
(368, '5240439', 'assigned'),
(369, '4087', 'assigned'),
(370, '193181', 'assigned'),
(371, '197684', 'assigned'),
(372, '84041', 'assigned'),
(373, '192255', 'assigned'),
(374, '3809', 'assigned'),
(375, '209223', 'assigned'),
(376, '839192', 'assigned'),
(377, '4403', 'assigned'),
(378, '4312', 'assigned'),
(379, '3352', 'assigned'),
(380, '8929', 'assigned'),
(381, '10104951', 'assigned'),
(382, '865901', 'assigned'),
(383, '4078', 'assigned'),
(384, '3877', 'assigned'),
(385, '10104172', 'assigned'),
(386, '10043811', 'assigned'),
(387, '3391', 'assigned'),
(388, '30334', 'assigned'),
(389, '11277', 'assigned'),
(390, '9225', 'assigned'),
(391, '193182', 'assigned'),
(392, '10104262', 'assigned'),
(393, '5240099', 'assigned'),
(394, '3426', 'assigned'),
(395, '3473', 'assigned'),
(396, '26207', 'assigned'),
(397, '10104510', 'assigned'),
(398, '3839', 'assigned'),
(399, '3335', 'assigned'),
(400, '2879', 'assigned'),
(401, '197623', 'assigned'),
(402, '192839', 'assigned'),
(403, '23369', 'assigned'),
(404, '192239', 'assigned'),
(405, '2612', 'assigned'),
(406, '1797798', 'assigned'),
(407, '847742', 'assigned'),
(408, '208572', 'assigned'),
(409, '24051', 'assigned'),
(410, '3848', 'assigned'),
(411, '23876', 'assigned'),
(412, '843483', 'assigned'),
(413, '208589', 'assigned'),
(414, '192947', 'assigned'),
(415, '193000', 'assigned'),
(416, '218218', 'assigned'),
(417, '192650', 'assigned'),
(418, '3', 'assigned'),
(419, '2179026', 'assigned'),
(420, '42400', 'assigned'),
(421, '851612', 'assigned'),
(422, '193312', 'assigned'),
(423, '42399', 'assigned'),
(424, '2938', 'assigned'),
(425, '23308', 'assigned'),
(426, '198508', 'assigned'),
(427, '44089', 'assigned'),
(428, '65239', 'assigned'),
(429, '40423', 'assigned'),
(430, '327966', 'assigned'),
(431, '309725', 'assigned'),
(432, '256158', 'assigned'),
(433, '5240954', 'assigned'),
(434, '5240430', 'assigned'),
(435, '10073701', 'assigned'),
(436, '330711', 'assigned'),
(437, '5240422', 'assigned'),
(438, '208868', 'assigned'),
(439, '555570', 'assigned'),
(440, '214270', 'assigned'),
(441, '309193', 'assigned'),
(442, '5240421', 'assigned'),
(443, '10104377', 'assigned'),
(444, '556874', 'assigned'),
(445, '303305', 'assigned'),
(446, '10051953', 'assigned'),
(447, '321239', 'assigned'),
(448, '303250', 'assigned'),
(449, '2424', 'assigned'),
(450, '316414', 'assigned'),
(451, '1350', 'assigned'),
(452, '10025229', 'assigned'),
(453, '564243', 'assigned'),
(454, '192553', 'assigned'),
(455, '10104582', 'assigned'),
(456, '193161', 'assigned'),
(457, '192620', 'assigned'),
(458, '198443', 'assigned'),
(459, '197966', 'assigned'),
(460, '680', 'assigned'),
(461, '645', 'assigned'),
(462, '10105460', 'assigned'),
(463, '192857', 'assigned'),
(464, '217758', 'assigned'),
(465, '295', 'assigned'),
(466, '10086094', 'assigned'),
(467, '170', 'assigned'),
(468, '3311', 'assigned'),
(469, '1858', 'assigned'),
(470, '198146', 'assigned'),
(471, '10099506', 'assigned'),
(472, '1797238', 'assigned'),
(473, '218442', 'assigned'),
(474, '218378', 'assigned'),
(475, '566299', 'assigned'),
(476, '214474', 'assigned'),
(477, '10074537', 'assigned'),
(478, '1797263', 'assigned'),
(479, '566065', 'assigned'),
(480, '5240187', 'assigned'),
(481, '217565', 'assigned'),
(482, '319679', 'assigned'),
(483, '139', 'assigned'),
(484, '319669', 'assigned'),
(485, '10105624', 'assigned'),
(486, '40668', 'assigned'),
(487, '208732', 'assigned'),
(488, '5240525', 'assigned'),
(489, '10092648', 'assigned'),
(490, '217514', 'assigned'),
(491, '4083', 'assigned'),
(492, '10080229', 'assigned'),
(493, '198194', 'assigned'),
(494, '217808', 'assigned'),
(495, '1797179', 'assigned'),
(496, '1766170', 'assigned'),
(497, '4167', 'assigned'),
(498, '10105474', 'assigned'),
(499, '192913', 'assigned'),
(500, '12510', 'assigned'),
(501, '318504', 'assigned'),
(502, '5239760', 'assigned'),
(503, '218291', 'assigned'),
(504, '217724', 'assigned'),
(505, '1797174', 'assigned'),
(506, '717', 'assigned'),
(507, '192599', 'assigned'),
(508, '10043724', 'assigned'),
(509, '10043831', 'assigned'),
(510, '313968', 'assigned'),
(511, '198368', 'assigned'),
(512, '1234', 'assigned'),
(513, '118724', 'assigned'),
(514, '428654', 'assigned'),
(515, '1797258', 'assigned'),
(516, '1797266', 'assigned'),
(517, '1797255', 'assigned'),
(518, '1797264', 'assigned'),
(519, '10105472', 'assigned'),
(520, '44093', 'assigned'),
(521, '3502', 'assigned'),
(522, '10026376', 'assigned'),
(523, '942', 'assigned'),
(524, '10026448', 'assigned'),
(525, '10080224', 'assigned'),
(526, '35', 'assigned'),
(527, '39915', 'assigned'),
(528, '998979', 'assigned'),
(529, '208428', 'assigned'),
(530, '310853', 'assigned'),
(531, '198012', 'assigned'),
(532, '261785', 'assigned'),
(533, '309399', 'assigned'),
(534, '219', 'assigned'),
(535, '192576', 'assigned'),
(536, '317315', 'assigned'),
(537, '217797', 'assigned'),
(538, '10105475', 'assigned'),
(539, '313674', 'assigned'),
(540, '2192643', 'assigned'),
(541, '192796', 'assigned'),
(542, '42013', 'assigned'),
(543, '65234', 'assigned'),
(544, '320325', 'assigned'),
(545, '317504', 'assigned'),
(546, '41631', 'assigned'),
(547, '330888', 'assigned'),
(548, '4786', 'assigned'),
(549, '565733', 'assigned'),
(550, '306553', 'assigned'),
(551, '127953', 'assigned'),
(552, '192965', 'assigned'),
(553, '197568', 'assigned'),
(554, '198245', 'assigned'),
(555, '217523', 'assigned'),
(556, '10105476', 'assigned'),
(557, '1797176', 'assigned'),
(558, '10086126', 'assigned'),
(559, '208568', 'assigned'),
(560, '3697', 'assigned'),
(561, '192519', 'assigned'),
(562, '303916', 'assigned'),
(563, '10080230', 'assigned'),
(564, '2309', 'assigned'),
(565, '330699', 'assigned'),
(566, '312958', 'assigned'),
(567, '303904', 'assigned'),
(568, '999237', 'assigned'),
(569, '5240918', 'assigned'),
(570, '5240919', 'assigned'),
(571, '10105445', 'assigned'),
(572, '218341', 'assigned'),
(573, '1797254', 'assigned'),
(574, '192712', 'assigned'),
(575, '314925', 'assigned'),
(576, '217747', 'assigned'),
(577, '308423', 'assigned'),
(578, '192682', 'assigned'),
(579, '306538', 'assigned'),
(580, '1786', 'assigned'),
(581, '873', 'assigned'),
(582, '192639', 'assigned'),
(583, '192637', 'assigned'),
(584, '10092062', 'assigned'),
(585, '1797447', 'assigned'),
(586, '330183', 'assigned'),
(587, '1667', 'assigned'),
(588, '1211', 'assigned'),
(589, '10092061', 'assigned'),
(590, '1797564', 'assigned'),
(591, '192632', 'assigned'),
(592, '254127', 'assigned'),
(593, '308007', 'assigned'),
(594, '289216', 'assigned'),
(595, '287276', 'assigned'),
(596, '1797262', 'assigned'),
(597, '557155', 'assigned'),
(598, '302991', 'assigned'),
(599, '661', 'assigned'),
(600, '10092650', 'assigned'),
(601, '10092649', 'assigned'),
(602, '320950', 'assigned'),
(603, '10105477', 'assigned'),
(604, '1134', 'assigned'),
(605, '561563', 'assigned'),
(606, '3314', 'assigned'),
(607, '217859', 'assigned'),
(608, '843', 'assigned'),
(609, '1276', 'assigned'),
(610, '4247', 'assigned'),
(611, '10105745', 'assigned'),
(612, '192713', 'assigned'),
(613, '1446', 'assigned'),
(614, '32132', 'assigned'),
(615, '1797567', 'assigned'),
(616, '5239972', 'assigned'),
(617, '198242', 'assigned'),
(618, '1797246', 'assigned'),
(619, '217788', 'assigned'),
(620, '851809', 'assigned'),
(621, '1797204', 'assigned'),
(622, '1797566', 'assigned'),
(623, '1797175', 'assigned'),
(624, '1797206', 'assigned'),
(625, '10104807', 'assigned'),
(626, '1797565', 'assigned'),
(627, '556415', 'assigned'),
(628, '1797547', 'assigned'),
(629, '44129', 'assigned'),
(630, '1766182', 'assigned'),
(631, '1797176', 'assigned'),
(632, '5239976', 'assigned'),
(633, '206', 'assigned'),
(634, '208696', 'assigned'),
(635, '639', 'assigned'),
(636, '1797232', 'assigned'),
(637, '1117', 'assigned'),
(638, '192626', 'assigned'),
(639, '198029', 'assigned'),
(640, '10105431', 'assigned'),
(641, '10105478', 'assigned'),
(642, '208668', 'assigned'),
(643, '208802', 'assigned'),
(644, '5240883', 'assigned'),
(645, '303317', 'assigned'),
(646, '198280', 'assigned'),
(647, '198520', 'assigned'),
(648, '198448', 'assigned'),
(649, '198265', 'assigned'),
(650, '10080228', 'assigned'),
(651, '1875', 'assigned'),
(652, '217737', 'assigned'),
(653, '1474', 'assigned'),
(654, '149276', 'assigned'),
(655, '10105446', 'assigned'),
(656, '1633', 'assigned'),
(657, '910137671', 'assigned'),
(658, '10104256', 'assigned'),
(659, '10105447', 'assigned'),
(660, '198426', 'assigned'),
(661, '10104850', 'assigned'),
(662, '10105448', 'assigned'),
(663, '198048', 'assigned'),
(664, '1957', 'assigned'),
(665, '10105449', 'assigned'),
(666, '197836', 'assigned'),
(667, '1972', 'assigned'),
(668, '334308', 'assigned'),
(669, '461', 'assigned'),
(670, '242', 'assigned'),
(671, '3899', 'assigned'),
(672, '65157', 'assigned'),
(673, '198264', 'assigned'),
(674, '315576', 'assigned'),
(675, '198191', 'assigned'),
(676, '5355295', 'assigned'),
(677, '10099498', 'assigned'),
(678, '3591', 'assigned'),
(679, '563081', 'assigned'),
(680, '10092240', 'assigned'),
(681, '442', 'assigned'),
(682, '17972851', 'assigned'),
(683, '208440', 'assigned'),
(684, '10105479', 'assigned'),
(685, '5239940', 'assigned'),
(686, '10104070', 'assigned'),
(687, '10105749', 'assigned'),
(688, '254132', 'assigned'),
(689, '10105450', 'assigned'),
(690, '192594', 'assigned'),
(691, '1839', 'assigned'),
(692, '558018', 'assigned'),
(693, '197849', 'assigned'),
(694, '39607', 'assigned'),
(695, '1855', 'assigned'),
(696, '524', 'assigned'),
(697, '192160', 'assigned'),
(698, '762', 'assigned'),
(699, '10105451', 'assigned'),
(700, '199', 'assigned'),
(701, '197690', 'assigned'),
(702, '198104', 'assigned'),
(703, '310688', 'assigned'),
(704, '41723', 'assigned'),
(705, '559', 'assigned'),
(706, '305046', 'assigned'),
(707, '217685', 'assigned'),
(708, '192824', 'assigned'),
(709, '157', 'assigned'),
(710, '192871', 'assigned'),
(711, '10105465', 'assigned'),
(712, '167932', 'assigned'),
(713, '192925', 'assigned'),
(714, '10105452', 'assigned'),
(715, '334596', 'assigned'),
(716, '334597', 'assigned'),
(717, '716', 'assigned'),
(718, '998986', 'assigned'),
(719, '43000', 'assigned'),
(720, '192638', 'assigned'),
(721, '1993', 'assigned'),
(722, '10105481', 'assigned'),
(723, '8936', 'assigned'),
(724, '260', 'assigned'),
(725, '192988', 'assigned'),
(726, '1770', 'assigned'),
(727, '167920', 'assigned'),
(728, '353', 'assigned'),
(729, '334598', 'assigned'),
(730, '218054', 'assigned'),
(731, '1766186', 'assigned'),
(732, '198068', 'assigned'),
(733, '198402', 'assigned'),
(734, '39739', 'assigned'),
(735, '10092635', 'assigned'),
(736, '10105459', 'assigned'),
(737, '10105453', 'assigned'),
(738, '54', 'assigned'),
(739, '3840', 'assigned'),
(740, '10105748', 'assigned'),
(741, '681', 'assigned'),
(742, '683', 'assigned'),
(743, '10025150', 'assigned'),
(744, '992', 'assigned'),
(745, '339', 'assigned'),
(746, '980', 'assigned'),
(747, '1537', 'assigned'),
(748, '208713', 'assigned'),
(749, '391', 'assigned'),
(750, '34584', 'assigned'),
(751, '10105483', 'assigned'),
(752, '5239932', 'assigned'),
(753, '193322', 'assigned'),
(754, '539', 'assigned'),
(755, '192979', 'assigned'),
(756, '320915', 'assigned'),
(757, '198122', 'assigned'),
(758, '192203', 'assigned'),
(759, '672363', 'assigned'),
(760, '192803', 'assigned'),
(761, '193281', 'assigned'),
(762, '5240751', 'assigned'),
(763, '217602', 'assigned'),
(764, '1310', 'assigned'),
(765, '5240868', 'assigned'),
(766, '10105117', 'assigned'),
(767, '1913', 'assigned'),
(768, '1766178', 'assigned'),
(769, '703', 'assigned'),
(770, '721598', 'assigned'),
(771, '1262', 'assigned'),
(772, '10105454', 'assigned'),
(773, '313620', 'assigned'),
(774, '310014', 'assigned'),
(775, '10105484', 'assigned'),
(776, '151', 'assigned'),
(777, '209000', 'assigned'),
(778, '302976', 'assigned'),
(779, '8665', 'assigned'),
(780, '307117', 'assigned'),
(781, '5241026', 'assigned'),
(782, '3692', 'assigned'),
(783, '593', 'assigned'),
(784, '193308', 'assigned'),
(785, '10105485', 'assigned'),
(786, '999263', 'assigned'),
(787, '5240453', 'assigned'),
(788, '1797545', 'assigned'),
(789, '193155', 'assigned'),
(790, '1797556', 'assigned'),
(791, '150', 'assigned'),
(792, '1797531', 'assigned'),
(793, '39428', 'assigned'),
(794, '10026377', 'assigned'),
(795, '122', 'assigned'),
(796, '2177', 'assigned'),
(797, '1797544', 'assigned'),
(798, '10091999', 'assigned'),
(799, '615', 'assigned'),
(800, '193224', 'assigned'),
(801, '317735', 'assigned'),
(802, '634', 'assigned'),
(803, '192885', 'assigned'),
(804, '1766169', 'assigned'),
(805, '42471', 'assigned'),
(806, '201', 'assigned'),
(807, '1797539', 'assigned'),
(808, '1797256', 'assigned'),
(809, '1260', 'assigned'),
(810, '14310112', 'assigned'),
(811, '1958', 'assigned'),
(812, '39449', 'assigned'),
(813, '1797231', 'assigned'),
(814, '10105486', 'assigned'),
(815, '726080', 'assigned'),
(816, '167814', 'assigned'),
(817, '32564', 'assigned'),
(818, '218148', 'assigned'),
(819, '1797537', 'assigned'),
(820, '565140', 'assigned'),
(821, '5240976', 'assigned'),
(822, '561401', 'assigned'),
(823, '1797543', 'assigned'),
(824, '1797540', 'assigned'),
(825, '218163', 'assigned'),
(826, '192598', 'assigned'),
(827, '1933035', 'assigned'),
(828, '40817', 'assigned'),
(829, '192973', 'assigned'),
(830, '240176', 'assigned'),
(831, '6280359', 'assigned'),
(832, '10105457', 'assigned'),
(833, '52', 'assigned'),
(834, '4097', 'assigned'),
(835, '10104539', 'assigned'),
(836, '10025120', 'assigned'),
(837, '65105', 'assigned'),
(838, '639625', 'assigned'),
(839, '268', 'assigned'),
(840, '77', 'assigned'),
(841, '192644', 'assigned'),
(842, '44076', 'assigned'),
(843, '39622', 'assigned'),
(844, '218282', 'assigned'),
(845, '739205', 'assigned'),
(846, '39986', 'assigned'),
(847, '5240342', 'assigned'),
(848, '10104538', 'assigned'),
(849, '1514', 'assigned'),
(850, '5240698', 'assigned'),
(851, '10104303', 'assigned'),
(852, '10105200', 'assigned'),
(853, '10104677', 'assigned'),
(854, '198436', 'assigned'),
(855, '10086114', 'assigned'),
(856, '10096231', 'assigned'),
(857, '197748', 'assigned'),
(858, '217612', 'assigned'),
(859, '1797233', 'assigned'),
(860, '1797234', 'assigned'),
(861, '10086112', 'assigned'),
(862, '10104526', 'assigned'),
(863, '1797250', 'assigned'),
(864, '1797247', 'assigned'),
(865, '239393', 'assigned'),
(866, '208829', 'assigned'),
(867, '209125', 'assigned'),
(868, '198442', 'assigned'),
(869, '10002011', 'assigned'),
(870, '254176', 'assigned'),
(871, '1797236', 'assigned'),
(872, '5240822', 'assigned'),
(873, '208875', 'assigned'),
(874, '208658', 'assigned'),
(875, '20409', 'assigned'),
(876, '1797235', 'assigned'),
(877, '42728', 'assigned'),
(878, '1435', 'assigned'),
(879, '218227', 'assigned'),
(880, '5240015', 'assigned'),
(881, '5240011', 'assigned'),
(882, '1797245', 'assigned'),
(883, '40566', 'assigned'),
(884, '116473', 'assigned'),
(885, '23588', 'assigned'),
(886, '10049193', 'assigned'),
(887, '209187', 'assigned'),
(888, '308238', 'assigned'),
(889, '43414', 'assigned'),
(890, '3801', 'assigned'),
(891, '39922', 'assigned'),
(892, '10105458', 'assigned'),
(893, '1797242', 'assigned'),
(894, '1797249', 'assigned'),
(895, '839706', 'assigned'),
(896, '42487', 'assigned'),
(897, '198049', 'assigned'),
(898, '10092068', 'assigned'),
(899, '1797248', 'assigned'),
(900, '543', 'assigned'),
(901, '1692', 'assigned'),
(902, '227700', 'assigned'),
(903, '44437', 'assigned'),
(904, '218326', 'assigned'),
(905, '10104581', 'assigned'),
(906, '10104568', 'assigned'),
(907, '15355269', 'assigned'),
(908, '1406', 'assigned'),
(909, '1797239', 'assigned'),
(910, '198196', 'assigned'),
(911, '1797244', 'assigned'),
(912, '858075', 'assigned'),
(913, '952', 'assigned'),
(914, '287640', 'assigned'),
(915, '558752', 'assigned'),
(916, '318002', 'assigned'),
(917, '10025121', 'assigned'),
(918, '254102', 'assigned'),
(919, '239493', 'assigned'),
(920, '10025122', 'assigned'),
(921, '313750', 'assigned'),
(922, '192978', 'assigned'),
(923, '1109', 'assigned'),
(924, '205938', 'assigned'),
(925, '6253809', 'assigned'),
(926, '232569', 'assigned'),
(927, '5240181', 'assigned'),
(928, '1797240', 'assigned'),
(929, '249', 'assigned'),
(930, '674', 'assigned'),
(931, '217700', 'assigned'),
(932, '1662', 'assigned'),
(933, '1639', 'assigned'),
(934, '218250', 'assigned'),
(935, '1252', 'assigned'),
(936, '10099501', 'assigned'),
(937, '238340', 'assigned'),
(938, '217584', 'assigned'),
(939, '1639', 'assigned'),
(940, '192406', 'assigned'),
(941, '1666', 'assigned'),
(942, '309', 'assigned'),
(943, '10096238', 'assigned'),
(944, '453', 'assigned'),
(945, '217629', 'assigned'),
(946, '232332', 'assigned'),
(947, '218048', 'assigned'),
(948, '2317', 'assigned'),
(949, '217674', 'assigned'),
(950, '733', 'assigned'),
(951, '42001', 'assigned'),
(952, '760', 'assigned'),
(953, '3312', 'assigned'),
(954, '4088', 'assigned'),
(955, '39807', 'assigned'),
(956, '1470', 'assigned'),
(957, '2', 'assigned'),
(958, '419', 'assigned'),
(959, '7864551', 'assigned'),
(960, '118715', 'assigned'),
(961, '1585', 'assigned'),
(962, '1316', 'assigned'),
(963, '1811', 'assigned'),
(964, '316', 'assigned'),
(965, '167947', 'assigned'),
(966, '321', 'assigned'),
(967, '10104536', 'assigned'),
(968, '1022', 'assigned'),
(969, '319', 'assigned'),
(970, '1816', 'assigned'),
(971, '192963', 'assigned'),
(972, '899', 'assigned'),
(973, '5240875', 'assigned'),
(974, '192620', 'assigned'),
(975, '751', 'assigned'),
(976, '218', 'assigned'),
(977, '3862', 'assigned'),
(978, '589', 'assigned'),
(979, '198180', 'assigned'),
(980, '198285', 'assigned'),
(981, '198089', 'assigned'),
(982, '208603', 'assigned'),
(983, '197980', 'assigned'),
(984, '127953', 'assigned'),
(985, '1041', 'assigned'),
(986, '298691', 'assigned'),
(987, '10105432', 'assigned'),
(988, '115456', 'assigned'),
(989, '198462', 'assigned'),
(990, '1050', 'assigned'),
(991, '198329', 'assigned'),
(992, '197868', 'assigned'),
(993, '197825', 'assigned'),
(994, '10104621', 'assigned'),
(995, '10102023', 'assigned'),
(996, '217623', 'assigned'),
(997, '882369', 'assigned'),
(998, '261157', 'assigned'),
(999, '198427', 'assigned'),
(1000, '5241018', 'assigned'),
(1001, '915', 'assigned'),
(1002, '1091', 'assigned'),
(1003, '10105433', 'assigned'),
(1004, '10079319', 'assigned'),
(1005, '1328', 'assigned'),
(1006, '198493', 'assigned'),
(1007, '193385', 'assigned'),
(1008, '208705', 'assigned'),
(1009, '5240297', 'assigned'),
(1010, '1539', 'assigned'),
(1011, '10104260', 'assigned'),
(1012, '10105434', 'assigned'),
(1013, '41143', 'assigned'),
(1014, '198156', 'assigned'),
(1015, '215022', 'assigned'),
(1016, '10104695', 'assigned'),
(1017, '458', 'assigned'),
(1018, '218445', 'assigned'),
(1019, '1406', 'assigned'),
(1020, '10105461', 'assigned'),
(1021, '548', 'assigned'),
(1022, '4125', 'assigned'),
(1023, '4082', 'assigned'),
(1024, '208488', 'assigned'),
(1025, '1290', 'assigned'),
(1026, '1064', 'assigned'),
(1027, '3794', 'assigned'),
(1028, '10105435', 'assigned'),
(1029, '65220', 'assigned'),
(1030, '197822', 'assigned'),
(1031, '337', 'assigned'),
(1032, '198324', 'assigned'),
(1033, '198130', 'assigned'),
(1034, '192931', 'assigned'),
(1035, '10105462', 'assigned'),
(1036, '985', 'assigned'),
(1037, '198234', 'assigned'),
(1038, '1473', 'assigned'),
(1039, '198166', 'assigned'),
(1040, '1513', 'assigned'),
(1041, '5240809', 'assigned'),
(1042, '3891', 'assigned'),
(1043, '709', 'assigned'),
(1044, '477', 'assigned'),
(1045, '10104554', 'assigned'),
(1046, '923', 'assigned'),
(1047, '10092084', 'assigned'),
(1048, '1001', 'assigned'),
(1049, '192969', 'assigned'),
(1050, '1504', 'assigned'),
(1051, '208883', 'assigned'),
(1052, '1970', 'assigned'),
(1053, '1872886', 'assigned'),
(1054, '10104931', 'assigned'),
(1055, '1448', 'assigned'),
(1056, '319478', 'assigned'),
(1057, '1248', 'assigned'),
(1058, '1495', 'assigned'),
(1059, '198381', 'assigned'),
(1060, '192938', 'assigned'),
(1061, '5239971', 'assigned'),
(1062, '5239973', 'assigned'),
(1063, '10100276', 'assigned'),
(1064, '192852', 'assigned'),
(1065, '10030386', 'assigned'),
(1066, '435', 'assigned'),
(1067, '192938', 'assigned'),
(1068, '197822', 'assigned'),
(1069, '10104770', 'assigned'),
(1070, '208727', 'assigned'),
(1071, '17070451', 'assigned'),
(1072, '10090665', 'assigned'),
(1073, '197711', 'assigned'),
(1074, '                                                  ', 'assigned'),
(1075, '2706', 'assigned'),
(1076, '39952', 'assigned'),
(1077, '3542', 'assigned'),
(1078, '3344', 'assigned'),
(1079, '354', 'assigned'),
(1080, '192985', 'assigned'),
(1081, '10104588', 'assigned'),
(1082, '217718', 'assigned'),
(1083, '41798', 'assigned'),
(1084, '2096', 'assigned'),
(1085, '197903', 'assigned'),
(1086, '218078', 'assigned'),
(1087, '5240006', 'assigned'),
(1088, '193237', 'assigned'),
(1089, '10030262', 'assigned'),
(1090, '5240414', 'assigned'),
(1091, '193192', 'assigned'),
(1092, '362', 'assigned'),
(1093, '439', 'assigned'),
(1094, '192982', 'assigned'),
(1095, '192225', 'assigned'),
(1096, '3871', 'assigned'),
(1097, '5239991', 'assigned'),
(1098, '5239822', 'assigned'),
(1099, '531', 'assigned'),
(1100, '10092235', 'assigned'),
(1101, '3382', 'assigned'),
(1102, '10105464', 'assigned'),
(1103, '167849', 'assigned'),
(1104, '1797237', 'assigned'),
(1105, '2390', 'assigned'),
(1106, '218102', 'assigned'),
(1107, '10105467', 'assigned'),
(1108, '243', 'assigned'),
(1109, '193271', 'assigned'),
(1110, '209229', 'assigned'),
(1111, '86', 'assigned'),
(1112, '383', 'assigned'),
(1113, '3373', 'assigned'),
(1114, '197835', 'assigned'),
(1115, '217675', 'assigned'),
(1116, '4399', 'assigned'),
(1117, '10105436', 'assigned'),
(1118, '10105468', 'assigned'),
(1119, '1797238', 'assigned'),
(1120, '41397', 'assigned'),
(1121, '192202', 'assigned'),
(1122, '4084', 'assigned'),
(1123, '197974', 'assigned'),
(1124, '10105469', 'assigned'),
(1125, '3337', 'assigned'),
(1126, '208626', 'assigned'),
(1127, '4124', 'assigned'),
(1128, '10105437', 'assigned'),
(1129, '39612', 'assigned'),
(1130, '198015', 'assigned'),
(1131, '3817', 'assigned'),
(1132, '65106', 'assigned'),
(1133, '10043727', 'assigned'),
(1134, '10105466', 'assigned'),
(1135, '192663', 'assigned'),
(1136, '10105470', 'assigned'),
(1137, '39053', 'assigned'),
(1138, '4172', 'assigned'),
(1139, '10105744', 'assigned'),
(1140, '192633', 'assigned'),
(1141, '192561', 'assigned'),
(1142, '39436', 'assigned'),
(1143, '192508', 'assigned'),
(1144, '3677', 'assigned'),
(1145, '3626', 'assigned'),
(1146, '217884', 'assigned'),
(1147, '10105439', 'assigned'),
(1148, '197804', 'assigned'),
(1149, '3388', 'assigned'),
(1150, '10105440', 'assigned'),
(1151, '3672', 'assigned'),
(1152, '10043345', 'assigned'),
(1153, '10105441', 'assigned'),
(1154, '167955', 'assigned'),
(1155, '10105442', 'assigned'),
(1156, '205851', 'assigned'),
(1157, '3866', 'assigned'),
(1158, '3845', 'assigned'),
(1159, '3665', 'assigned'),
(1160, '10105471', 'assigned'),
(1161, '10105527', 'assigned'),
(1162, '3397', 'assigned'),
(1163, '3583', 'assigned'),
(1164, '39726', 'assigned'),
(1165, '10105443', 'assigned'),
(1166, '3331', 'assigned'),
(1167, '10105444', 'assigned'),
(1168, '3598', 'assigned'),
(1169, '10000674', 'assigned'),
(1170, '3360', 'assigned'),
(1171, '198200', 'assigned'),
(1172, '218364', 'assigned'),
(1173, '1872702', 'assigned'),
(1174, '198033', 'assigned'),
(1175, '5240208', 'assigned'),
(1176, '218155', 'assigned'),
(1177, '560889', 'assigned'),
(1178, '910143190', 'assigned'),
(1179, '5239759', 'assigned'),
(1180, '165', 'assigned'),
(1181, '10105389', 'assigned'),
(1182, '10009151', 'assigned'),
(1183, '197728', 'assigned'),
(1184, '1273', 'assigned'),
(1185, '840695', 'assigned'),
(1186, '10104359', 'assigned'),
(1187, '304585', 'assigned'),
(1188, '5241060', 'assigned'),
(1189, '972', 'assigned'),
(1190, '504', 'assigned'),
(1191, '10023239', 'assigned'),
(1192, '10105684', 'assigned'),
(1193, '1672', 'assigned'),
(1194, '571', 'assigned'),
(1195, '700', 'assigned'),
(1196, '1872863', 'assigned'),
(1197, '10105421', 'assigned'),
(1198, '1836', 'assigned'),
(1199, '83', 'assigned'),
(1200, '434', 'assigned'),
(1201, '5240457', 'assigned'),
(1202, '1172', 'assigned'),
(1203, '1636', 'assigned'),
(1204, '425', 'assigned'),
(1205, '320', 'assigned'),
(1206, '188', 'assigned'),
(1207, '10105429', 'assigned'),
(1208, '1485', 'assigned'),
(1209, '438', 'assigned'),
(1210, '1318', 'assigned'),
(1211, '5240704', 'assigned'),
(1212, '5239777', 'assigned'),
(1213, '5240334', 'assigned'),
(1214, '1872881', 'assigned'),
(1215, '169', 'assigned'),
(1216, '603', 'assigned'),
(1217, '1439', 'assigned'),
(1218, '10104772', 'assigned'),
(1219, '914', 'assigned'),
(1220, '10105300', 'assigned'),
(1221, '10092239', 'assigned'),
(1222, '3420', 'assigned'),
(1223, '2074', 'assigned'),
(1224, '696', 'assigned'),
(1225, '5240047', 'assigned'),
(1226, '1124', 'assigned'),
(1227, '843287', 'assigned'),
(1228, '1453', 'assigned'),
(1229, '905', 'assigned'),
(1230, '1613', 'assigned'),
(1231, '9', 'assigned'),
(1232, '140', 'assigned'),
(1233, '574', 'assigned'),
(1234, '1912', 'assigned'),
(1235, '1763', 'assigned'),
(1236, '10092051', 'assigned'),
(1237, '1759', 'assigned'),
(1238, '906', 'assigned'),
(1239, '10043480', 'assigned'),
(1240, '282', 'assigned'),
(1241, '1373', 'assigned'),
(1242, '1835', 'assigned'),
(1243, '5355623', 'assigned'),
(1244, '198488', 'assigned'),
(1245, '138414', 'assigned'),
(1246, '583', 'assigned'),
(1247, '656', 'assigned'),
(1248, '206', 'assigned'),
(1249, '234', 'assigned'),
(1250, '10105294', 'assigned'),
(1251, '1388', 'assigned'),
(1252, '164', 'assigned'),
(1253, '292', 'assigned'),
(1254, '5240095', 'assigned'),
(1255, '314042', 'assigned'),
(1256, '386', 'assigned'),
(1257, '781', 'assigned'),
(1258, '971', 'assigned'),
(1259, '2471', 'assigned'),
(1260, '197670', 'assigned'),
(1261, '1710', 'assigned'),
(1262, '1047', 'assigned'),
(1263, '192794', 'assigned'),
(1264, '10104643', 'assigned'),
(1265, '970', 'assigned'),
(1266, '197631', 'assigned'),
(1267, '841143', 'assigned'),
(1268, '1797284', 'assigned'),
(1269, '811', 'assigned'),
(1270, '1816', 'assigned'),
(1271, '42202', 'assigned'),
(1272, '128478', 'assigned'),
(1273, '1611', 'assigned'),
(1274, '1797346', 'assigned'),
(1275, '893', 'assigned'),
(1276, '633', 'assigned'),
(1277, '1724', 'assigned'),
(1278, '1386', 'assigned'),
(1279, '364', 'assigned'),
(1280, '446', 'assigned'),
(1281, '128442', 'assigned'),
(1282, '313799', 'assigned'),
(1283, '370', 'assigned'),
(1284, '4928270', 'assigned'),
(1285, '1940', 'assigned'),
(1286, '416', 'assigned'),
(1287, '113', 'assigned'),
(1288, '1920', 'assigned'),
(1289, '1170', 'assigned'),
(1290, '275', 'assigned'),
(1291, '932', 'assigned'),
(1292, '354', 'assigned'),
(1293, '45031', 'assigned'),
(1294, '1665', 'assigned'),
(1295, '312', 'assigned'),
(1296, '5240403', 'assigned'),
(1297, '10043791', 'assigned'),
(1298, '10088452', 'assigned'),
(1299, '980', 'assigned'),
(1300, '1882', 'assigned'),
(1301, '828', 'assigned'),
(1302, '5240064', 'assigned'),
(1303, '1321', 'assigned'),
(1304, '907', 'assigned'),
(1305, '1054', 'assigned'),
(1306, '1339', 'assigned'),
(1307, '208847', 'assigned'),
(1308, '1409', 'assigned'),
(1309, '10105393', 'assigned'),
(1310, '5240013', 'assigned'),
(1311, '1797488', 'assigned'),
(1312, '968', 'assigned'),
(1313, '5240473', 'assigned'),
(1314, '314', 'assigned'),
(1315, '10092065', 'assigned'),
(1316, '10105291', 'assigned'),
(1317, '1771', 'assigned'),
(1318, '5240710', 'assigned'),
(1319, '662', 'assigned'),
(1320, '1797478', 'assigned'),
(1321, '10043719', 'assigned'),
(1322, '3447', 'assigned'),
(1323, '634', 'assigned'),
(1324, '10043702', 'assigned'),
(1325, '1515', 'assigned'),
(1326, '10081602', 'assigned'),
(1327, '1797474', 'assigned'),
(1328, '1348', 'assigned'),
(1329, '10029982', 'assigned'),
(1330, '116336', 'assigned'),
(1331, '671', 'assigned'),
(1332, '39218', 'assigned'),
(1333, '10043834', 'assigned'),
(1334, '5240442', 'assigned'),
(1335, '1797484', 'assigned'),
(1336, '10104511', 'assigned'),
(1337, '1518', 'assigned'),
(1338, '241', 'assigned'),
(1339, '10092098', 'assigned'),
(1340, '197899', 'assigned'),
(1341, '39595', 'assigned'),
(1342, '1924', 'assigned'),
(1343, '651', 'assigned'),
(1344, '10043839', 'assigned'),
(1345, '949', 'assigned'),
(1346, '882', 'assigned'),
(1347, '771256', 'assigned'),
(1348, '1414', 'assigned'),
(1349, '1131', 'assigned'),
(1350, '303', 'assigned'),
(1351, '1663', 'assigned'),
(1352, '1323', 'assigned'),
(1353, '1797581', 'assigned'),
(1354, '1797476', 'assigned'),
(1355, '332', 'assigned'),
(1356, '1764', 'assigned'),
(1357, '777', 'assigned'),
(1358, '850', 'assigned'),
(1359, '272', 'assigned'),
(1360, '277', 'assigned'),
(1361, '559042', 'assigned'),
(1362, '314272', 'assigned'),
(1363, '10036692', 'assigned'),
(1364, '1186', 'assigned'),
(1365, '402', 'assigned'),
(1366, '1059', 'assigned'),
(1367, '1023', 'assigned'),
(1368, '198028', 'assigned'),
(1369, '5', 'assigned'),
(1370, '5240846', 'assigned'),
(1371, '1985', 'assigned'),
(1372, '1612', 'assigned'),
(1373, '560', 'assigned'),
(1374, '452', 'assigned'),
(1375, '559625', 'assigned'),
(1376, '10043815', 'assigned'),
(1377, '1655', 'assigned'),
(1378, '881947', 'assigned'),
(1379, '5240647', 'assigned'),
(1380, '359369', 'assigned'),
(1381, '53', 'assigned'),
(1382, '1293', 'assigned'),
(1383, '1014', 'assigned'),
(1384, '1443', 'assigned'),
(1385, '5241038', 'assigned'),
(1386, '1215', 'assigned'),
(1387, '12084089', 'assigned'),
(1388, '44005', 'assigned'),
(1389, '5240682', 'assigned'),
(1390, '5240681', 'assigned'),
(1391, '1429', 'assigned'),
(1392, '1188', 'assigned'),
(1393, '310782', 'assigned'),
(1394, '1797451', 'assigned'),
(1395, '511', 'assigned'),
(1396, '509', 'assigned'),
(1397, '1614', 'assigned'),
(1398, '542', 'assigned'),
(1399, '1159', 'assigned'),
(1400, '1021', 'assigned'),
(1401, '910147208', 'assigned'),
(1402, '1311', 'assigned'),
(1403, '310655', 'assigned'),
(1404, '23', 'assigned'),
(1405, '54', 'assigned'),
(1406, '1769', 'assigned'),
(1407, '1120', 'assigned'),
(1408, '1986', 'assigned'),
(1409, '555761', 'assigned'),
(1410, '232', 'assigned'),
(1411, '120909', 'assigned'),
(1412, '10104599', 'assigned'),
(1413, '1087', 'assigned'),
(1414, '308056', 'assigned'),
(1415, '304334', 'assigned'),
(1416, '1738', 'assigned'),
(1417, '252', 'assigned'),
(1418, '197915', 'assigned'),
(1419, '120784', 'assigned'),
(1420, '1797333', 'assigned'),
(1421, '1070', 'assigned'),
(1422, '1183', 'assigned'),
(1423, '1797452', 'assigned'),
(1424, '21123', 'assigned'),
(1425, '12332', 'assigned'),
(1426, '197675', 'assigned'),
(1427, '308752', 'assigned'),
(1428, '1412', 'assigned'),
(1429, '1450', 'assigned'),
(1430, '653', 'assigned'),
(1431, '474', 'assigned'),
(1432, '1007', 'assigned'),
(1433, '5239962', 'assigned'),
(1434, '1274', 'assigned'),
(1435, '1635', 'assigned'),
(1436, '152', 'assigned'),
(1437, '143', 'assigned'),
(1438, '288036', 'assigned'),
(1439, '10105307', 'assigned'),
(1440, '1797489', 'assigned'),
(1441, '1152', 'assigned'),
(1442, '771', 'assigned'),
(1443, '17', 'assigned'),
(1444, '834', 'assigned'),
(1445, '1106', 'assigned'),
(1446, '896', 'assigned'),
(1447, '313515', 'assigned'),
(1448, '63', 'assigned'),
(1449, '197707', 'assigned'),
(1450, '10104597', 'assigned'),
(1451, '41321', 'assigned'),
(1452, '626', 'assigned'),
(1453, '1434', 'assigned'),
(1454, '746', 'assigned'),
(1455, '1316', 'assigned'),
(1456, '620', 'assigned'),
(1457, '72', 'assigned'),
(1458, '1248', 'assigned'),
(1459, '1968', 'assigned'),
(1460, '229', 'assigned'),
(1461, '1617', 'assigned'),
(1462, '10104680', 'assigned'),
(1463, '1129', 'assigned'),
(1464, '5241096', 'assigned'),
(1465, '10104611', 'assigned'),
(1466, '5793', 'assigned'),
(1467, '987', 'assigned'),
(1468, '10104456', 'assigned'),
(1469, '10104455', 'assigned'),
(1470, '996', 'assigned'),
(1471, '10104875', 'assigned'),
(1472, '5240602', 'assigned'),
(1473, '910132631', 'assigned'),
(1474, '1610', 'assigned'),
(1475, '10100310', 'assigned'),
(1476, '489', 'assigned'),
(1477, '2208693', 'assigned'),
(1478, '194', 'assigned'),
(1479, '1113', 'assigned'),
(1480, '414', 'assigned'),
(1481, '181', 'assigned'),
(1482, '10104781', 'assigned'),
(1483, '334658', 'assigned'),
(1484, '729', 'assigned'),
(1485, '1460', 'assigned'),
(1486, '1797459', 'assigned'),
(1487, '1206', 'assigned'),
(1488, '1929', 'assigned'),
(1489, '314509', 'assigned'),
(1490, '553', 'assigned'),
(1491, '875', 'assigned'),
(1492, '979', 'assigned'),
(1493, '464', 'assigned'),
(1494, '10105496', 'assigned'),
(1495, '670', 'assigned'),
(1496, '128272', 'assigned'),
(1497, '1641', 'assigned'),
(1498, '10105308', 'assigned'),
(1499, '1106', 'assigned'),
(1500, '681', 'assigned'),
(1501, '1686', 'assigned'),
(1502, '25706', 'assigned'),
(1503, '1193', 'assigned'),
(1504, '176184', 'assigned'),
(1505, '146', 'assigned'),
(1506, '180', 'assigned'),
(1507, '996', 'assigned'),
(1508, '597', 'assigned'),
(1509, '10105006', 'assigned'),
(1510, '1173', 'assigned'),
(1511, '211', 'assigned'),
(1512, '261', 'assigned'),
(1513, '254187', 'assigned'),
(1514, '1443', 'assigned'),
(1515, '304076', 'assigned'),
(1516, '1722', 'assigned'),
(1517, '937', 'assigned'),
(1518, '1531', 'assigned'),
(1519, '1962', 'assigned'),
(1520, '1640', 'assigned'),
(1521, '1125', 'assigned'),
(1522, '162', 'assigned'),
(1523, '2003', 'assigned'),
(1524, '315083', 'assigned'),
(1525, '10104678', 'assigned'),
(1526, '116', 'assigned'),
(1527, '918', 'assigned'),
(1528, '447', 'assigned'),
(1529, '984', 'assigned'),
(1530, '694', 'assigned'),
(1531, '569', 'assigned'),
(1532, '213350', 'assigned'),
(1533, '197697', 'assigned'),
(1534, '887', 'assigned'),
(1535, '999536', 'assigned'),
(1536, '4350', 'assigned'),
(1537, '10104616', 'assigned'),
(1538, '10104693', 'assigned'),
(1539, '4107', 'assigned'),
(1540, '10104622', 'assigned'),
(1541, '10104613', 'assigned'),
(1542, '308843', 'assigned'),
(1543, '910139162', 'assigned'),
(1544, '197685', 'assigned'),
(1545, '10043629', 'assigned'),
(1546, '10043812', 'assigned'),
(1547, '10086099', 'assigned'),
(1548, '1578', 'assigned'),
(1549, '3547', 'assigned'),
(1550, '90122270', 'assigned'),
(1551, '197872', 'assigned'),
(1552, '5240702', 'assigned'),
(1553, '287821', 'assigned'),
(1554, '20304252', 'assigned'),
(1555, '310705', 'assigned'),
(1556, '3168', 'assigned'),
(1557, '2942', 'assigned'),
(1558, '560436', 'assigned'),
(1559, '7032809', 'assigned'),
(1560, '4075', 'assigned'),
(1561, '312313', 'assigned'),
(1562, '910136331', 'assigned'),
(1563, '2799', 'assigned'),
(1564, '4119', 'assigned'),
(1565, '4229', 'assigned'),
(1566, '4120', 'assigned'),
(1567, '208562', 'assigned'),
(1568, '208446', 'assigned'),
(1569, '2682', 'assigned'),
(1570, '873557', 'assigned'),
(1571, '3105', 'assigned'),
(1572, '1488', 'assigned'),
(1573, '3295', 'assigned'),
(1574, '128268', 'assigned'),
(1575, '127965', 'assigned'),
(1576, '4410', 'assigned'),
(1577, '212', 'assigned'),
(1578, '311634', 'assigned'),
(1579, '5240757', 'assigned'),
(1580, '1184', 'assigned'),
(1581, '10037038', 'assigned'),
(1582, '3299', 'assigned'),
(1583, '309938', 'assigned'),
(1584, '3450', 'assigned'),
(1585, '45', 'assigned'),
(1586, '1797480', 'assigned'),
(1587, '3735', 'assigned'),
(1588, '4232', 'assigned'),
(1589, '10072822', 'assigned'),
(1590, '197879', 'assigned'),
(1591, '556160', 'assigned'),
(1592, '2200', 'assigned'),
(1593, '4425', 'assigned'),
(1594, '304017', 'assigned'),
(1595, '3644', 'assigned'),
(1596, '3600', 'assigned'),
(1597, '1797469', 'assigned'),
(1598, '4199', 'assigned'),
(1599, '3430', 'assigned'),
(1600, '1797342', 'assigned'),
(1601, '313964', 'assigned'),
(1602, '4473', 'assigned'),
(1603, '3741', 'assigned'),
(1604, '197884', 'assigned'),
(1605, '3847', 'assigned'),
(1606, '3236', 'assigned'),
(1607, '10104872', 'assigned'),
(1608, '4237', 'assigned'),
(1609, '3428', 'assigned'),
(1610, '3630', 'assigned'),
(1611, '3380', 'assigned'),
(1612, '1771713', 'assigned'),
(1613, '197649', 'assigned'),
(1614, '4426', 'assigned'),
(1615, '10105293', 'assigned'),
(1616, '3675', 'assigned'),
(1617, '4414', 'assigned'),
(1618, '1656', 'assigned'),
(1619, '4160', 'assigned'),
(1620, '960231469', 'assigned'),
(1621, '555631', 'assigned'),
(1622, '3366', 'assigned'),
(1623, '4300', 'assigned'),
(1624, '3339', 'assigned'),
(1625, '3617', 'assigned'),
(1626, '3272', 'assigned'),
(1627, '10104596', 'assigned'),
(1628, '3272', 'assigned'),
(1629, '3400', 'assigned'),
(1630, '3919', 'assigned'),
(1631, '3116', 'assigned'),
(1632, '999207', 'assigned'),
(1633, '3628', 'assigned'),
(1634, '1797479', 'assigned'),
(1635, '4430', 'assigned'),
(1636, '4430', 'assigned'),
(1637, '4272', 'assigned'),
(1638, '3837', 'assigned'),
(1639, '208602', 'assigned'),
(1640, '184558', 'assigned'),
(1641, '128111', 'assigned'),
(1642, '3243', 'assigned'),
(1643, '578139', 'assigned'),
(1644, '357705', 'assigned'),
(1645, '125046', 'assigned'),
(1646, '2712', 'assigned'),
(1647, '61542', 'assigned'),
(1648, '287589', 'assigned'),
(1649, '10105299', 'assigned'),
(1650, '120800', 'assigned'),
(1651, '1615', 'assigned'),
(1652, '3715', 'assigned'),
(1653, '3643', 'assigned'),
(1654, '3253', 'assigned'),
(1655, '208724', 'assigned'),
(1656, '43285', 'assigned'),
(1657, '3110', 'assigned'),
(1658, '209242', 'assigned'),
(1659, '208986', 'assigned'),
(1660, '40568', 'assigned'),
(1661, '198135', 'assigned'),
(1662, '10092100', 'assigned'),
(1663, '208459', 'assigned'),
(1664, '197843', 'assigned'),
(1665, '10105309', 'assigned'),
(1666, '870970', 'assigned'),
(1667, '198386', 'assigned'),
(1668, '10025085', 'assigned'),
(1669, '198514', 'assigned'),
(1670, '197936', 'assigned'),
(1671, '198145', 'assigned'),
(1672, '198205', 'assigned'),
(1673, '2834', 'assigned'),
(1674, '10105304', 'assigned'),
(1675, '208656', 'assigned'),
(1676, '208567', 'assigned'),
(1677, '208641', 'assigned'),
(1678, '197683', 'assigned'),
(1679, '208529', 'assigned'),
(1680, '208484', 'assigned'),
(1681, '5239901', 'assigned'),
(1682, '208614', 'assigned'),
(1683, '208455', 'assigned'),
(1684, '809164', 'assigned'),
(1685, '91043446', 'assigned'),
(1686, '209211', 'assigned'),
(1687, '208808', 'assigned'),
(1688, '209172', 'assigned'),
(1689, '4392', 'assigned'),
(1690, '2176354', 'assigned'),
(1691, '209198', 'assigned'),
(1692, '208437', 'assigned'),
(1693, '208779', 'assigned'),
(1694, '208047', 'assigned'),
(1695, '10008149', 'assigned'),
(1696, '5240666', 'assigned'),
(1697, '46', 'assigned'),
(1698, '218081', 'assigned'),
(1699, '44', 'assigned'),
(1700, '218173', 'assigned'),
(1701, '10104267', 'assigned'),
(1702, '489', 'assigned'),
(1703, '218005', 'assigned'),
(1704, '10104268', 'assigned'),
(1705, '217710', 'assigned'),
(1706, '10104537', 'assigned'),
(1707, '218039', 'assigned'),
(1708, '650', 'assigned'),
(1709, '200', 'assigned'),
(1710, '3', 'assigned'),
(1711, '799', 'assigned'),
(1712, '324', 'assigned'),
(1713, '401', 'assigned'),
(1714, '198410', 'assigned'),
(1715, '2768', 'assigned'),
(1716, '198120', 'assigned'),
(1717, '197892', 'assigned'),
(1718, '4449', 'assigned'),
(1719, '58', 'assigned'),
(1720, '10105305', 'assigned'),
(1721, '296', 'assigned'),
(1722, '209030', 'assigned'),
(1723, '50', 'assigned'),
(1724, '244', 'assigned'),
(1725, '65088', 'assigned'),
(1726, '65049', 'assigned'),
(1727, '39021', 'assigned'),
(1728, '65178', 'assigned'),
(1729, '301835', 'assigned'),
(1730, '65330', 'assigned'),
(1731, '44312', 'assigned'),
(1732, '10072829', 'assigned'),
(1733, '475039', 'assigned'),
(1734, '3524', 'assigned'),
(1735, '209278', 'assigned'),
(1736, '65223', 'assigned'),
(1737, '235008', 'assigned'),
(1738, '239942', 'assigned'),
(1739, '283191', 'assigned'),
(1740, '73957', 'assigned'),
(1741, '827513', 'assigned'),
(1742, '10105306', 'assigned'),
(1743, '93897', 'assigned'),
(1744, '26370', 'assigned'),
(1745, '39771', 'assigned'),
(1746, '167833', 'assigned'),
(1747, '167950', 'assigned'),
(1748, '167934', 'assigned'),
(1749, '10080199', 'assigned'),
(1750, '910385', 'assigned'),
(1751, '118315', 'assigned'),
(1752, '198027', 'assigned'),
(1753, '334664', 'assigned'),
(1754, '254295', 'assigned'),
(1755, '869968', 'assigned'),
(1756, '251565', 'assigned'),
(1757, '557111', 'assigned'),
(1758, '414933', 'assigned'),
(1759, '217546', 'assigned'),
(1760, '43692', 'assigned'),
(1761, '692', 'assigned'),
(1762, '167816', 'assigned'),
(1763, '334571', 'assigned'),
(1764, '555293', 'assigned'),
(1765, '1797500', 'assigned'),
(1766, '2193490', 'assigned'),
(1767, '999546', 'assigned'),
(1768, '2767', 'assigned'),
(1769, '3856', 'assigned'),
(1770, '319234', 'assigned'),
(1771, '198431', 'assigned'),
(1772, '42061', 'assigned'),
(1773, '10104683', 'assigned'),
(1774, '2692', 'assigned'),
(1775, '2120', 'assigned'),
(1776, '40526', 'assigned'),
(1777, '313326', 'assigned'),
(1778, '310828', 'assigned'),
(1779, '311669', 'assigned'),
(1780, '198375', 'assigned'),
(1781, '666', 'assigned'),
(1782, '616', 'assigned'),
(1783, '305143', 'assigned'),
(1784, '3699', 'assigned'),
(1785, '209119', 'assigned'),
(1786, '217691', 'assigned'),
(1787, '8827', 'assigned'),
(1788, '208676', 'assigned'),
(1789, '40865', 'assigned'),
(1790, '198417', 'assigned'),
(1791, '1005297', 'assigned'),
(1792, '5240969', 'assigned'),
(1793, '5240405', 'assigned'),
(1794, '2709', 'assigned'),
(1795, '5240875', 'assigned'),
(1796, '1797462', 'assigned'),
(1797, '10025863', 'assigned'),
(1798, '2761', 'assigned'),
(1799, '7826', 'assigned'),
(1800, '576', 'assigned'),
(1801, '7878', 'assigned'),
(1802, '198470', 'assigned'),
(1803, '273550', 'assigned'),
(1804, '198032', 'assigned'),
(1805, '839424', 'assigned'),
(1806, '1797387', 'assigned'),
(1807, '2856', 'assigned'),
(1808, '2393', 'assigned'),
(1809, '7810', 'assigned'),
(1810, '197617', 'assigned'),
(1811, '1797457', 'assigned'),
(1812, '10000528', 'assigned'),
(1813, '10037031', 'assigned'),
(1814, '198430', 'assigned'),
(1815, '197909', 'assigned'),
(1816, '5239965', 'assigned'),
(1817, '10105295', 'assigned'),
(1818, '197939', 'assigned'),
(1819, '285', 'assigned'),
(1820, '407', 'assigned'),
(1821, '16822', 'assigned'),
(1822, '5241024', 'assigned'),
(1823, '10083864', 'assigned'),
(1824, '10000636', 'assigned'),
(1825, '10104642', 'assigned'),
(1826, '5240413', 'assigned'),
(1827, '192539', 'assigned'),
(1828, '25767', 'assigned'),
(1829, '10086120', 'assigned'),
(1830, '28597', 'assigned'),
(1831, '4057', 'assigned'),
(1832, '198465', 'assigned'),
(1833, '2208928', 'assigned'),
(1834, '10000709', 'assigned'),
(1835, '197994', 'assigned'),
(1836, '3370', 'assigned'),
(1837, '10023261', 'assigned'),
(1838, '10105310', 'assigned'),
(1839, '5240677', 'assigned'),
(1840, '10072827', 'assigned'),
(1841, '217845', 'assigned'),
(1842, '198088', 'assigned'),
(1843, '218153', 'assigned'),
(1844, '2732', 'assigned'),
(1845, '8', 'assigned'),
(1846, '492', 'assigned'),
(1847, '1890572', 'assigned'),
(1848, '217793', 'assigned'),
(1849, '116490', 'assigned'),
(1850, '1797383', 'assigned');
INSERT INTO `meters_old` (`meter_id`, `meter_no`, `status`) VALUES
(1851, '2840', 'assigned'),
(1852, '678', 'assigned'),
(1853, '217799', 'assigned'),
(1854, '1797482', 'assigned'),
(1855, '12084242', 'assigned'),
(1856, '9108', 'assigned'),
(1857, '41647', 'assigned'),
(1858, '10104996', 'assigned'),
(1859, '197990', 'assigned'),
(1860, '5239928', 'assigned'),
(1861, '5239926', 'assigned'),
(1862, '5239927', 'assigned'),
(1863, '10104879', 'assigned'),
(1864, '208565', 'assigned'),
(1865, '3126770', 'assigned'),
(1866, '7811', 'assigned'),
(1867, '217509', 'assigned'),
(1868, '197694', 'assigned'),
(1869, '350', 'assigned'),
(1870, '327776', 'assigned'),
(1871, '10043709', 'assigned'),
(1872, '10086093', 'assigned'),
(1873, '631', 'assigned'),
(1874, '192076', 'assigned'),
(1875, '1004929', 'assigned'),
(1876, '10104933', 'assigned'),
(1877, '5240193', 'assigned'),
(1878, '882958', 'assigned'),
(1879, '3320', 'assigned'),
(1880, '217620', 'assigned'),
(1881, '10104989', 'assigned'),
(1882, '197594', 'assigned'),
(1883, '193133', 'assigned'),
(1884, '217816', 'assigned'),
(1885, '821', 'assigned'),
(1886, '39946', 'assigned'),
(1887, '197866', 'assigned'),
(1888, '42546', 'assigned'),
(1889, '197957', 'assigned'),
(1890, '197701', 'assigned'),
(1891, '287571', 'assigned'),
(1892, '254279', 'assigned'),
(1893, '1797434', 'assigned'),
(1894, '16280', 'assigned'),
(1895, '208700', 'assigned'),
(1896, '208861', 'assigned'),
(1897, '1797495', 'assigned'),
(1898, '2208631', 'assigned'),
(1899, '815', 'assigned'),
(1900, '1797497', 'assigned'),
(1901, '3806', 'assigned'),
(1902, '6869', 'assigned'),
(1903, '197614', 'assigned'),
(1904, '7824', 'assigned'),
(1905, '197958', 'assigned'),
(1906, '960231465', 'assigned'),
(1907, '8233', 'assigned'),
(1908, '19588', 'assigned'),
(1909, '254280', 'assigned'),
(1910, '1428', 'assigned'),
(1911, '14529', 'assigned'),
(1912, '758', 'assigned'),
(1913, '5240884', 'assigned'),
(1914, '2475', 'assigned'),
(1915, '7606', 'assigned'),
(1916, '197809', 'assigned'),
(1917, '10092653', 'assigned'),
(1918, '10104876', 'assigned'),
(1919, '5240885', 'assigned'),
(1920, '11801', 'assigned'),
(1921, '5241104', 'assigned'),
(1922, '5240885', 'assigned'),
(1923, '2145', 'assigned'),
(1924, '781', 'assigned'),
(1925, '11011', 'assigned'),
(1926, '10105317', 'assigned'),
(1927, '7083', 'assigned'),
(1928, '7520', 'assigned'),
(1929, '216', 'assigned'),
(1930, '10043719', 'assigned'),
(1931, '1619', 'assigned'),
(1932, '371', 'assigned'),
(1933, '197890', 'assigned'),
(1934, '5240523', 'assigned'),
(1935, '10104895', 'assigned'),
(1936, '10104607', 'assigned'),
(1937, '880622', 'assigned'),
(1938, '205693', 'assigned'),
(1939, '10092087', 'assigned'),
(1940, '10029960', 'assigned'),
(1941, '10043723', 'assigned'),
(1942, '851757', 'assigned'),
(1943, '2269', 'assigned'),
(1944, '218004', 'assigned'),
(1945, '2605', 'assigned'),
(1946, '275016', 'assigned'),
(1947, '10026308', 'assigned'),
(1948, '1797372', 'assigned'),
(1949, '42580', 'assigned'),
(1950, '197788', 'assigned'),
(1951, '40558', 'assigned'),
(1952, '208533', 'assigned'),
(1953, '5240085', 'assigned'),
(1954, '5240155', 'assigned'),
(1955, '39724', 'assigned'),
(1956, '208927', 'assigned'),
(1957, '41828', 'assigned'),
(1958, '10028531', 'assigned'),
(1959, '197908', 'assigned'),
(1960, '1779496', 'assigned'),
(1961, '11588', 'assigned'),
(1962, '2551', 'assigned'),
(1963, '1797382', 'assigned'),
(1964, '1005', 'assigned'),
(1965, '1768', 'assigned'),
(1966, '2715', 'assigned'),
(1967, '3991', 'assigned'),
(1968, '1797467', 'assigned'),
(1969, '10000488', 'assigned'),
(1970, '1797336', 'assigned'),
(1971, '197640', 'assigned'),
(1972, '13424', 'assigned'),
(1973, '3825', 'assigned'),
(1974, '15094', 'assigned'),
(1975, '2288', 'assigned'),
(1976, '218009', 'assigned'),
(1977, '998982', 'assigned'),
(1978, '800', 'assigned'),
(1979, '547', 'assigned'),
(1980, '1797348', 'assigned'),
(1981, '10105316', 'assigned'),
(1982, '2252', 'assigned'),
(1983, '197880', 'assigned'),
(1984, '193365', 'assigned'),
(1985, '198082', 'assigned'),
(1986, '5241029', 'assigned'),
(1987, '2193398', 'assigned'),
(1988, '316279', 'assigned'),
(1989, '221259', 'assigned'),
(1990, '198103', 'assigned'),
(1991, '197901', 'assigned'),
(1992, '12403', 'assigned'),
(1993, '38277', 'assigned'),
(1994, '10002094', 'assigned'),
(1995, '1798', 'assigned'),
(1996, '1797492', 'assigned'),
(1997, '35059', 'assigned'),
(1998, '10105368', 'assigned'),
(1999, '2194098', 'assigned'),
(2000, '197942', 'assigned'),
(2001, '1243', 'assigned'),
(2002, '197719', 'assigned'),
(2003, '198081', 'assigned'),
(2004, '42455', 'assigned'),
(2005, '10026348', 'assigned'),
(2006, '65206', 'assigned'),
(2007, '1797748', 'assigned'),
(2008, '1771619', 'assigned'),
(2009, '218124', 'assigned'),
(2010, '2964', 'assigned'),
(2011, '192821', 'assigned'),
(2012, '192410', 'assigned'),
(2013, '11583', 'assigned'),
(2014, '2242', 'assigned'),
(2015, '790', 'assigned'),
(2016, '10105318', 'assigned'),
(2017, '10770', 'assigned'),
(2018, '875260', 'assigned'),
(2019, '208869', 'assigned'),
(2020, '250166', 'assigned'),
(2021, '197676', 'assigned'),
(2022, '41738', 'assigned'),
(2023, '1797499', 'assigned'),
(2024, '288947', 'assigned'),
(2025, '288058', 'assigned'),
(2026, '209258', 'assigned'),
(2027, '629', 'assigned'),
(2028, '198022', 'assigned'),
(2029, '2778', 'assigned'),
(2030, '287794', 'assigned'),
(2031, '1921', 'assigned'),
(2032, '999533', 'assigned'),
(2033, '10104874', 'assigned'),
(2034, '10043597', 'assigned'),
(2035, '197772', 'assigned'),
(2036, '10104269', 'assigned'),
(2037, '5240191', 'assigned'),
(2038, '57793', 'assigned'),
(2039, '10104800', 'assigned'),
(2040, '115452', 'assigned'),
(2041, '78602761', 'assigned'),
(2042, '65057', 'assigned'),
(2043, '197738', 'assigned'),
(2044, '2016', 'assigned'),
(2045, '65065', 'assigned'),
(2046, '5240141', 'assigned'),
(2047, '5240149', 'assigned'),
(2048, '208517', 'assigned'),
(2049, '319945', 'assigned'),
(2050, '5239859', 'assigned'),
(2051, '5239817', 'assigned'),
(2052, '10104405', 'assigned'),
(2053, '318930', 'assigned'),
(2054, '627', 'assigned'),
(2055, '39903', 'assigned'),
(2056, '105051', 'assigned'),
(2057, '2801', 'assigned'),
(2058, '5240328', 'assigned'),
(2059, '5239982', 'assigned'),
(2060, '2928', 'assigned'),
(2061, '5240705', 'assigned'),
(2062, '198171', 'assigned'),
(2063, '192473', 'assigned'),
(2064, '5240330', 'assigned'),
(2065, '287551', 'assigned'),
(2066, '10030366', 'assigned'),
(2067, '5241031', 'assigned'),
(2068, '5241136', 'assigned'),
(2069, '306368', 'assigned'),
(2070, '5239969', 'assigned'),
(2071, '197735', 'assigned'),
(2072, '39800', 'assigned'),
(2073, '10081602', 'assigned'),
(2074, '999651', 'assigned'),
(2075, '11323', 'assigned'),
(2076, '949', 'assigned'),
(2077, '39389', 'assigned'),
(2078, '1192', 'assigned'),
(2079, '315994', 'assigned'),
(2080, '65291', 'assigned'),
(2081, '1797388', 'assigned'),
(2082, '10104868', 'assigned'),
(2083, '10043769', 'assigned'),
(2084, '317439', 'assigned'),
(2085, '192134', 'assigned'),
(2086, '26475', 'assigned'),
(2087, '2646', 'assigned'),
(2088, '319083', 'assigned'),
(2089, '10104603', 'assigned'),
(2090, '10104688', 'assigned'),
(2091, '523309', 'assigned'),
(2092, '2029', 'assigned'),
(2093, '849', 'assigned'),
(2094, '3324', 'assigned'),
(2095, '466', 'assigned'),
(2096, '198492', 'assigned'),
(2097, '10092085', 'assigned'),
(2098, '193392', 'assigned'),
(2099, '192398', 'assigned'),
(2100, '999609', 'assigned'),
(2101, '2432', 'assigned'),
(2102, '197978', 'assigned'),
(2103, '198281', 'assigned'),
(2104, '287587', 'assigned'),
(2105, '10105351', 'assigned'),
(2106, '5240839', 'assigned'),
(2107, '198362', 'assigned'),
(2108, '304335', 'assigned'),
(2109, '566260', 'assigned'),
(2110, '560124', 'assigned'),
(2111, '443', 'assigned'),
(2112, '107', 'assigned'),
(2113, '3493', 'assigned'),
(2114, '5240148', 'assigned'),
(2115, '10105618', 'assigned'),
(2116, '65230', 'assigned'),
(2117, '5240231', 'assigned'),
(2118, '1889', 'assigned'),
(2119, '5240519', 'assigned'),
(2120, '999502', 'assigned'),
(2121, '10088452', 'assigned'),
(2122, '1194', 'assigned'),
(2123, '10104681', 'assigned'),
(2124, '314984', 'assigned'),
(2125, '91', 'assigned'),
(2126, '40096', 'assigned'),
(2127, '10105312', 'assigned'),
(2128, '10081274', 'assigned'),
(2129, '36152', 'assigned'),
(2130, '167801', 'assigned'),
(2131, '115378', 'assigned'),
(2132, '5241061', 'assigned'),
(2133, '213351', 'assigned'),
(2134, '217641', 'assigned'),
(2135, '233406', 'assigned'),
(2136, '6865291', 'assigned'),
(2137, '10043726', 'assigned'),
(2138, '10104633', 'assigned'),
(2139, '304692', 'assigned'),
(2140, '2758', 'assigned'),
(2141, '10104684', 'assigned'),
(2142, '561923', 'assigned'),
(2143, '2696', 'assigned'),
(2144, '999576', 'assigned'),
(2145, '3680', 'assigned'),
(2146, '287571', 'assigned'),
(2147, '5240670', 'assigned'),
(2148, '5240089', 'assigned'),
(2149, '5240890', 'assigned'),
(2150, '288699', 'assigned'),
(2151, '5240889', 'assigned'),
(2152, '288470', 'assigned'),
(2153, '10074531', 'assigned'),
(2154, '198446', 'assigned'),
(2155, '2594', 'assigned'),
(2156, '192116', 'assigned'),
(2157, '192920', 'assigned'),
(2158, '218255', 'assigned'),
(2159, '192307', 'assigned'),
(2160, '2978', 'assigned'),
(2161, '218405', 'assigned'),
(2162, '1569', 'assigned'),
(2163, '208775', 'assigned'),
(2164, '829', 'assigned'),
(2165, '2591', 'assigned'),
(2166, '197628', 'assigned'),
(2167, '167819', 'assigned'),
(2168, '751023', 'assigned'),
(2169, '5367121', 'assigned'),
(2170, '289', 'assigned'),
(2171, '863508', 'assigned'),
(2172, '65248', 'assigned'),
(2173, '65221', 'assigned'),
(2174, '65069', 'assigned'),
(2175, '65130', 'assigned'),
(2176, '217502', 'assigned'),
(2177, '197600', 'assigned'),
(2178, '5240683', 'assigned'),
(2179, '197757', 'assigned'),
(2180, '2033', 'assigned'),
(2181, '197726', 'assigned'),
(2182, '10104932', 'assigned'),
(2183, '208650', 'assigned'),
(2184, '461', 'assigned'),
(2185, '654', 'assigned'),
(2186, '10104606', 'assigned'),
(2187, '4067', 'assigned'),
(2188, '198247', 'assigned'),
(2189, '24446', 'assigned'),
(2190, '10037035', 'assigned'),
(2191, '197703', 'assigned'),
(2192, '5240279', 'assigned'),
(2193, '1885', 'assigned'),
(2194, '10104634', 'assigned'),
(2195, '10104635', 'assigned'),
(2196, '10104636', 'assigned'),
(2197, '40932', 'assigned'),
(2198, '198309', 'assigned'),
(2199, '287333', 'assigned'),
(2200, '3637', 'assigned'),
(2201, '214154', 'assigned'),
(2202, '1797344', 'assigned'),
(2203, '235923', 'assigned'),
(2204, '197646', 'assigned'),
(2205, '211468', 'assigned'),
(2206, '214685', 'assigned'),
(2207, '288303', 'assigned'),
(2208, '469', 'assigned'),
(2209, '5241133', 'assigned'),
(2210, '213518', 'assigned'),
(2211, '2234', 'assigned'),
(2212, '254171', 'assigned'),
(2213, '288704', 'assigned'),
(2214, '192328', 'assigned'),
(2215, '218396', 'assigned'),
(2216, '3307', 'assigned'),
(2217, '21317', 'assigned'),
(2218, '3248', 'assigned'),
(2219, '214419', 'assigned'),
(2220, '1774959', 'assigned'),
(2221, '198282', 'assigned'),
(2222, '193370', 'assigned'),
(2223, '193497', 'assigned'),
(2224, '960232465', 'assigned'),
(2225, '208783', 'assigned'),
(2226, '213946', 'assigned'),
(2227, '198481', 'assigned'),
(2228, '10028558', 'assigned'),
(2229, '524098', 'assigned'),
(2230, '1797381', 'assigned'),
(2231, '10027964', 'assigned'),
(2232, '28', 'assigned'),
(2233, '208682', 'assigned'),
(2234, '1872872', 'assigned'),
(2235, '838', 'assigned'),
(2236, '405', 'assigned'),
(2237, '349', 'assigned'),
(2238, '850611', 'assigned'),
(2239, '1166', 'assigned'),
(2240, '2944', 'assigned'),
(2241, '197898', 'assigned'),
(2242, '3415', 'assigned'),
(2243, '8978', 'assigned'),
(2244, '3900', 'assigned'),
(2245, '5240705', 'assigned'),
(2246, '5240709', 'assigned'),
(2247, '5240706', 'assigned'),
(2248, '2593', 'assigned'),
(2249, '192400', 'assigned'),
(2250, '690', 'assigned'),
(2251, '5239967', 'assigned'),
(2252, '419', 'assigned'),
(2253, '5240107', 'assigned'),
(2254, '10092070', 'assigned'),
(2255, '10092052', 'assigned'),
(2256, '1032', 'assigned'),
(2257, '198003', 'assigned'),
(2258, '4068', 'assigned'),
(2259, '197671', 'assigned'),
(2260, '197539', 'assigned'),
(2261, '198298', 'assigned'),
(2262, '1379', 'assigned'),
(2263, '10105296', 'assigned'),
(2264, '10105311', 'assigned'),
(2265, '11347', 'assigned'),
(2266, '10104604', 'assigned'),
(2267, '10104608', 'assigned'),
(2268, '3656', 'assigned'),
(2269, '786', 'assigned'),
(2270, '7', 'assigned'),
(2271, '5240603', 'assigned'),
(2272, '54557', 'assigned'),
(2273, '217706', 'assigned'),
(2274, '5240587', 'assigned'),
(2275, '5240559', 'assigned'),
(2276, '10104771', 'assigned'),
(2277, '10104764', 'assigned'),
(2278, '1721', 'assigned'),
(2279, '483', 'assigned'),
(2280, '10037039', 'assigned'),
(2281, '10092064', 'assigned'),
(2282, '125', 'assigned'),
(2283, '839', 'assigned'),
(2284, '39408', 'assigned'),
(2285, '178', 'assigned'),
(2286, '10072828', 'assigned'),
(2287, '10072796', 'assigned'),
(2288, '10072796', 'assigned'),
(2289, '818', 'assigned'),
(2290, '41359', 'assigned'),
(2291, '2208564', 'assigned'),
(2292, '999', 'assigned'),
(2293, '208536', 'assigned'),
(2294, '197891', 'assigned'),
(2295, '831', 'assigned'),
(2296, '3590', 'assigned'),
(2297, '601', 'assigned'),
(2298, '218258', 'assigned'),
(2299, '217500', 'assigned'),
(2300, '1457', 'assigned'),
(2301, '198279', 'assigned'),
(2302, '10037930', 'assigned'),
(2303, '10105122', 'assigned'),
(2304, '10034759', 'assigned'),
(2305, '193473', 'assigned'),
(2306, '198186', 'assigned'),
(2307, '58158', 'assigned'),
(2308, '217770', 'assigned'),
(2309, '863994', 'assigned'),
(2310, '840574', 'assigned'),
(2311, '272', 'assigned'),
(2312, '207', 'assigned'),
(2313, '24', 'assigned'),
(2314, '198417', 'assigned'),
(2315, '10086091', 'assigned'),
(2316, '3064', 'assigned'),
(2317, '289054', 'assigned'),
(2318, '2002', 'assigned'),
(2319, '135', 'assigned'),
(2320, '1268', 'assigned'),
(2321, '218367', 'assigned'),
(2322, '2261', 'assigned'),
(2323, '80', 'assigned'),
(2324, '9602324644', 'assigned'),
(2325, '2727', 'assigned'),
(2326, '1038', 'assigned'),
(2327, '10080274', 'assigned'),
(2328, '1089', 'assigned'),
(2329, '5240518', 'assigned'),
(2330, '871235', 'assigned'),
(2331, '208990', 'assigned'),
(2332, '5241098', 'assigned'),
(2333, '2647', 'assigned'),
(2334, '5240996', 'assigned'),
(2335, '197538', 'assigned'),
(2336, '5240676', 'assigned'),
(2337, '2934', 'assigned'),
(2338, '43', 'assigned'),
(2339, '65282', 'assigned'),
(2340, '1583', 'assigned'),
(2341, '3237', 'assigned'),
(2342, '2932', 'assigned'),
(2343, '3883', 'assigned'),
(2344, '1842', 'assigned'),
(2345, '1164', 'assigned'),
(2346, '2254', 'assigned'),
(2347, '286', 'assigned'),
(2348, '2198494', 'assigned'),
(2349, '5240084', 'assigned'),
(2350, '5240560', 'assigned'),
(2351, '292762', 'assigned'),
(2352, '3867', 'assigned'),
(2353, '10104516', 'assigned'),
(2354, '2924', 'assigned'),
(2355, '10105315', 'assigned'),
(2356, '10105426', 'assigned'),
(2357, '10030361', 'assigned'),
(2358, '10104515', 'assigned'),
(2359, '10043744', 'assigned'),
(2360, '3878', 'assigned'),
(2361, '197970', 'assigned'),
(2362, '1797348', 'assigned'),
(2363, '1169', 'assigned'),
(2364, '635', 'assigned'),
(2365, '61071', 'assigned'),
(2366, '308', 'assigned'),
(2367, '413', 'assigned'),
(2368, '4268', 'assigned'),
(2369, '193447', 'assigned'),
(2370, '357', 'assigned'),
(2371, '10036687', 'assigned'),
(2372, '495', 'assigned'),
(2373, '3846', 'assigned'),
(2374, '1127', 'assigned'),
(2375, '4158', 'assigned'),
(2376, '600', 'assigned'),
(2377, '3403', 'assigned'),
(2378, '585', 'assigned'),
(2379, '192438', 'assigned'),
(2380, '1927', 'assigned'),
(2381, '2055', 'assigned'),
(2382, '65128', 'assigned'),
(2383, '1056', 'assigned'),
(2384, '10028271', 'assigned'),
(2385, '3358', 'assigned'),
(2386, '710', 'assigned'),
(2387, '785', 'assigned'),
(2388, '1320', 'assigned'),
(2389, '197572', 'assigned'),
(2390, '718', 'assigned'),
(2391, '2516', 'assigned'),
(2392, '1808', 'assigned'),
(2393, '4184', 'assigned'),
(2394, '192624', 'assigned'),
(2395, '560357', 'assigned'),
(2396, '1829', 'assigned'),
(2397, '3356', 'assigned'),
(2398, '1797859', 'assigned'),
(2399, '2756', 'assigned'),
(2400, '759', 'assigned'),
(2401, '706', 'assigned'),
(2402, '98314', 'assigned'),
(2403, '10030141', 'assigned'),
(2404, '218355', 'assigned'),
(2405, '901', 'assigned'),
(2406, '3485', 'assigned'),
(2407, '1608890', 'assigned'),
(2408, '910135546', 'assigned'),
(2409, '807', 'assigned'),
(2410, '5241103', 'assigned'),
(2411, '4228', 'assigned'),
(2412, '3472', 'assigned'),
(2413, '10104866', 'assigned'),
(2414, '962', 'assigned'),
(2415, '1797491', 'assigned'),
(2416, '274065', 'assigned'),
(2417, '1392', 'assigned'),
(2418, '4192', 'assigned'),
(2419, '1797380', 'assigned'),
(2420, '65149', 'assigned'),
(2421, '10104602', 'assigned'),
(2422, '10043819', 'assigned'),
(2423, '5240720', 'assigned'),
(2424, '5239820', 'assigned'),
(2425, '5239819', 'assigned'),
(2426, '12847', 'assigned'),
(2427, '254', 'assigned'),
(2428, '3249', 'assigned'),
(2429, '5240192', 'assigned'),
(2430, '1454', 'assigned'),
(2431, '866', 'assigned'),
(2432, '10026375', 'assigned'),
(2433, '4188', 'assigned'),
(2434, '197979', 'assigned'),
(2435, '2208657', 'assigned'),
(2436, '208632', 'assigned'),
(2437, '208553', 'assigned'),
(2438, '208470', 'assigned'),
(2439, '10097293', 'assigned'),
(2440, '217638', 'assigned'),
(2441, '10043798', 'assigned'),
(2442, '27', 'assigned'),
(2443, '1715', 'assigned'),
(2444, '1797378', 'assigned'),
(2445, '1586', 'assigned'),
(2446, '5241099', 'assigned'),
(2447, '1733', 'assigned'),
(2448, '137', 'assigned'),
(2449, '197742', 'assigned'),
(2450, '60760', 'assigned'),
(2451, '1797493', 'assigned'),
(2452, '3757', 'assigned'),
(2453, '5239968', 'assigned'),
(2454, '988', 'assigned'),
(2455, '8805', 'assigned'),
(2456, '218407', 'assigned'),
(2457, '46416', 'assigned'),
(2458, '960234641', 'assigned'),
(2459, '26', 'assigned'),
(2460, '2789', 'assigned'),
(2461, '198268', 'assigned'),
(2462, '5371925', 'assigned'),
(2463, '5239857', 'assigned'),
(2464, '41137', 'assigned'),
(2465, '10105081', 'assigned'),
(2466, '61752', 'assigned'),
(2467, '197810', 'assigned'),
(2468, '82503', 'assigned'),
(2469, '238', 'assigned'),
(2470, '96023464', 'assigned'),
(2471, '9602338877', 'assigned'),
(2472, '7493', 'assigned'),
(2473, '10105084', 'assigned'),
(2474, '715670', 'assigned'),
(2475, '5241092', 'assigned'),
(2476, '140135', 'assigned'),
(2477, '35082', 'assigned'),
(2478, '10105082', 'assigned'),
(2479, '11', 'assigned'),
(2480, '668911', 'assigned'),
(2481, '258020', 'assigned'),
(2482, '399857', 'assigned'),
(2483, '851715', 'assigned'),
(2484, '858052', 'assigned'),
(2485, '271088', 'assigned'),
(2486, '998987', 'assigned'),
(2487, '262992', 'assigned'),
(2488, '5240544', 'assigned'),
(2489, '334601', 'assigned'),
(2490, '10034761', 'assigned'),
(2491, '4089', 'assigned'),
(2492, '10104793', 'assigned'),
(2493, '154383', 'assigned'),
(2494, '5240467', 'assigned'),
(2495, '318668', 'assigned'),
(2496, '4009', 'assigned'),
(2497, '197754', 'assigned'),
(2498, '2197831', 'assigned'),
(2499, '217954', 'assigned'),
(2500, '320105', 'assigned'),
(2501, '10043668', 'assigned'),
(2502, '999674', 'assigned'),
(2503, '420', 'assigned'),
(2504, '557835', 'assigned'),
(2505, '558560', 'assigned'),
(2506, '1430', 'assigned'),
(2507, '561411', 'assigned'),
(2508, '4927514', 'assigned'),
(2509, '319546', 'assigned'),
(2510, '564269', 'assigned'),
(2511, '10028546', 'assigned'),
(2512, '313176', 'assigned'),
(2513, '556708', 'assigned'),
(2514, '44669', 'assigned'),
(2515, '312276', 'assigned'),
(2516, '304049', 'assigned'),
(2517, '10025427', 'assigned'),
(2518, '10105710', 'assigned'),
(2519, '10025755', 'assigned'),
(2520, '309125', 'assigned'),
(2521, '10026717', 'assigned'),
(2522, '10029613', 'assigned'),
(2523, '10009120', 'assigned'),
(2524, '319684', 'assigned'),
(2525, '555273', 'assigned'),
(2526, '998983', 'assigned'),
(2527, '308580', 'assigned'),
(2528, '10025126', 'assigned'),
(2529, '10043797', 'assigned'),
(2530, '13750', 'assigned'),
(2531, '304157', 'assigned'),
(2532, '10105383', 'assigned'),
(2533, '218385', 'assigned'),
(2534, '217764', 'assigned'),
(2535, '556174', 'assigned'),
(2536, '10105403', 'assigned'),
(2537, '998989', 'assigned'),
(2538, '999605', 'assigned'),
(2539, '999612', 'assigned'),
(2540, '10105142', 'assigned'),
(2541, '234', 'assigned'),
(2542, '24016', 'assigned'),
(2543, '998925', 'assigned'),
(2544, '999545', 'assigned'),
(2545, '198238', 'assigned'),
(2546, '999612', 'assigned'),
(2547, '192060', 'assigned'),
(2548, '308227', 'assigned'),
(2549, '192151', 'assigned'),
(2550, '10034131', 'assigned'),
(2551, '10105143', 'assigned'),
(2552, '999571', 'assigned'),
(2553, '263', 'assigned'),
(2554, '5240690', 'assigned'),
(2555, '315223', 'assigned'),
(2556, '208680', 'assigned'),
(2557, '316699', 'assigned'),
(2558, '5240109', 'assigned'),
(2559, '556812', 'assigned'),
(2560, '65091', 'assigned'),
(2561, '35521', 'assigned'),
(2562, '82197', 'assigned'),
(2563, '3355528', 'assigned'),
(2564, '851913', 'assigned'),
(2565, '363808', 'assigned'),
(2566, '308431', 'assigned'),
(2567, '288867', 'assigned'),
(2568, '209004', 'assigned'),
(2569, '10104461', 'assigned'),
(2570, '321150', 'assigned'),
(2571, '24020', 'assigned'),
(2572, '5239955', 'assigned'),
(2573, '999570', 'assigned'),
(2574, '63089', 'assigned'),
(2575, '555630', 'assigned'),
(2576, '998973', 'assigned'),
(2577, '319456', 'assigned'),
(2578, '208686', 'assigned'),
(2579, '566446', 'assigned'),
(2580, '10043665', 'assigned'),
(2581, '998987', 'assigned'),
(2582, '198369', 'assigned'),
(2583, '565193', 'assigned'),
(2584, '10105491', 'assigned'),
(2585, '998915', 'assigned'),
(2586, '556044', 'assigned'),
(2587, '65296', 'assigned'),
(2588, '10026111', 'assigned'),
(2589, '302992', 'assigned'),
(2590, '319269', 'assigned'),
(2591, '998980', 'assigned'),
(2592, '320108', 'assigned'),
(2593, '316308', 'assigned'),
(2594, '998981', 'assigned'),
(2595, '999206', 'assigned'),
(2596, '5240470', 'assigned'),
(2597, '10025319', 'assigned'),
(2598, '999630', 'assigned'),
(2599, '208427', 'assigned'),
(2600, '10023132', 'assigned'),
(2601, '999569', 'assigned'),
(2602, '198400', 'assigned'),
(2603, '5367338', 'assigned'),
(2604, '10102138', 'assigned'),
(2605, '250882', 'assigned'),
(2606, '10030445', 'assigned'),
(2607, '10051394', 'assigned'),
(2608, '5240466', 'assigned'),
(2609, '10025158', 'assigned'),
(2610, '851757', 'assigned'),
(2611, '10025153', 'assigned'),
(2612, '3988', 'assigned'),
(2613, '303888', 'assigned'),
(2614, '5240468', 'assigned'),
(2615, '348391', 'assigned'),
(2616, '10105103', 'assigned'),
(2617, '553291', 'assigned'),
(2618, '4195', 'assigned'),
(2619, '192777', 'assigned'),
(2620, '192345', 'assigned'),
(2621, '998900', 'assigned'),
(2622, '10104776', 'assigned'),
(2623, '5678', 'assigned'),
(2624, '5240866', 'assigned'),
(2625, '208598', 'assigned'),
(2626, '10043667', 'assigned'),
(2627, '20479', 'assigned'),
(2628, '10026716', 'assigned'),
(2629, '1800', 'assigned'),
(2630, '192313', 'assigned'),
(2631, '519', 'assigned'),
(2632, '198147', 'assigned'),
(2633, '303110', 'assigned'),
(2634, '1002857', 'assigned'),
(2635, '5240029', 'assigned'),
(2636, '999515', 'assigned'),
(2637, '327', 'assigned'),
(2638, '208930', 'assigned'),
(2639, '563488', 'assigned'),
(2640, '24832', 'assigned'),
(2641, '566232', 'assigned'),
(2642, '208917', 'assigned'),
(2643, '315294', 'assigned'),
(2644, '557200', 'assigned'),
(2645, '5240689', 'assigned'),
(2646, '3277', 'assigned'),
(2647, '5240243', 'assigned'),
(2648, '998974', 'assigned'),
(2649, '2574', 'assigned'),
(2650, '999606', 'assigned'),
(2651, '55974', 'assigned'),
(2652, '288473', 'assigned'),
(2653, '998797', 'assigned'),
(2654, '327800', 'assigned'),
(2655, '3560', 'assigned'),
(2656, '10100309', 'assigned'),
(2657, '304082', 'assigned'),
(2658, '317972', 'assigned'),
(2659, '320087', 'assigned'),
(2660, '192375', 'assigned'),
(2661, '193391', 'assigned'),
(2662, '319083', 'assigned'),
(2663, '311967', 'assigned'),
(2664, '192324', 'assigned'),
(2665, '5240832', 'assigned'),
(2666, '555', 'assigned'),
(2667, '318882', 'assigned'),
(2668, '320898', 'assigned'),
(2669, '563079', 'assigned'),
(2670, '222574', 'assigned'),
(2671, '999583', 'assigned'),
(2672, '10048317', 'assigned'),
(2673, '10105512', 'assigned'),
(2674, '310358', 'assigned'),
(2675, '327', 'assigned'),
(2676, '424', 'assigned'),
(2677, '198126', 'assigned'),
(2678, '10104766', 'assigned'),
(2679, '2573', 'assigned'),
(2680, '10081606', 'assigned'),
(2681, '4077', 'assigned'),
(2682, '192259', 'assigned'),
(2683, '10104271', 'assigned'),
(2684, '208461', 'assigned'),
(2685, '5241033', 'assigned'),
(2686, '5240842', 'assigned'),
(2687, '5241012', 'assigned'),
(2688, '5241013', 'assigned'),
(2689, '2183', 'assigned'),
(2690, '10450', 'assigned'),
(2691, '2576', 'assigned'),
(2692, '2090', 'assigned'),
(2693, '2720', 'assigned'),
(2694, '13646', 'assigned'),
(2695, '1872889', 'assigned'),
(2696, '2178', 'assigned'),
(2697, '4442', 'assigned'),
(2698, '10043827', 'assigned'),
(2699, '2816', 'assigned'),
(2700, '2048', 'assigned'),
(2701, '198457', 'assigned'),
(2702, '167834', 'assigned'),
(2703, '10080225', 'assigned'),
(2704, '2822', 'assigned'),
(2705, '611', 'assigned'),
(2706, '45119', 'assigned'),
(2707, '116513', 'assigned'),
(2708, '10105410', 'assigned'),
(2709, '4092', 'assigned'),
(2710, '304171', 'assigned'),
(2711, '10105147', 'assigned'),
(2712, '13479', 'assigned'),
(2713, '10105148', 'assigned'),
(2714, '999518', 'assigned'),
(2715, '10105197', 'assigned'),
(2716, '198396', 'assigned'),
(2717, '65269', 'assigned'),
(2718, '45129', 'assigned'),
(2719, '42155', 'assigned'),
(2720, '43866', 'assigned'),
(2721, '42517', 'assigned'),
(2722, '313717', 'assigned'),
(2723, '31049', 'assigned'),
(2724, '254226', 'assigned'),
(2725, '1433', 'assigned'),
(2726, '10104274', 'assigned'),
(2727, '3922', 'assigned'),
(2728, '1651', 'assigned'),
(2729, '5240476', 'assigned'),
(2730, '304673', 'assigned'),
(2731, '5239958', 'assigned'),
(2732, '5240469', 'assigned'),
(2733, '999505', 'assigned'),
(2734, '5240105', 'assigned'),
(2735, '10104897', 'assigned'),
(2736, '99507', 'assigned'),
(2737, '10104282', 'assigned'),
(2738, '999504', 'assigned'),
(2739, '317699', 'assigned'),
(2740, '1010033', 'assigned'),
(2741, '84940', 'assigned'),
(2742, '287350', 'assigned'),
(2743, '1959', 'assigned'),
(2744, '217839', 'assigned'),
(2745, '193472', 'assigned'),
(2746, '274', 'assigned'),
(2747, '5240462', 'assigned'),
(2748, '1219', 'assigned'),
(2749, '287335', 'assigned'),
(2750, '738', 'assigned'),
(2751, '319132', 'assigned'),
(2752, '21008', 'assigned'),
(2753, '41262', 'assigned'),
(2754, '4001', 'assigned'),
(2755, '192070', 'assigned'),
(2756, '208582', 'assigned'),
(2757, '198327', 'assigned'),
(2758, '55567', 'assigned'),
(2759, '17031', 'assigned'),
(2760, '41884', 'assigned'),
(2761, '49', 'assigned'),
(2762, '12545', 'assigned'),
(2763, '288297', 'assigned'),
(2764, '39907', 'assigned'),
(2765, '192131', 'assigned'),
(2766, '197853', 'assigned'),
(2767, '2283', 'assigned'),
(2768, '5377496', 'assigned'),
(2769, '192364', 'assigned'),
(2770, '143', 'assigned'),
(2771, '193475', 'assigned'),
(2772, '193985', 'assigned'),
(2773, '209168', 'assigned'),
(2774, '12409', 'assigned'),
(2775, '12431', 'assigned'),
(2776, '318973', 'assigned'),
(2777, '242258', 'assigned'),
(2778, '310456', 'assigned'),
(2779, '851130', 'assigned'),
(2780, '405', 'assigned'),
(2781, '43858', 'assigned'),
(2782, '658', 'assigned'),
(2783, '669', 'assigned'),
(2784, '2161', 'assigned'),
(2785, '15487', 'assigned'),
(2786, '44078', 'assigned'),
(2787, '198332', 'assigned'),
(2788, '999524', 'assigned'),
(2789, '1677', 'assigned'),
(2790, '999657', 'assigned'),
(2791, '128685', 'assigned'),
(2792, '765795', 'assigned'),
(2793, '287425', 'assigned'),
(2794, '5239988', 'assigned'),
(2795, '288404', 'assigned'),
(2796, '197539', 'assigned'),
(2797, '213140', 'assigned'),
(2798, '213290', 'assigned'),
(2799, '289039', 'assigned'),
(2800, '7301276', 'assigned'),
(2801, '17257', 'assigned'),
(2802, '218444', 'assigned'),
(2803, '999539', 'assigned'),
(2804, '198525', 'assigned'),
(2805, '314781', 'assigned'),
(2806, '826', 'assigned'),
(2807, '880623', 'assigned'),
(2808, '999615', 'assigned'),
(2809, '999613', 'assigned'),
(2810, '25948', 'assigned'),
(2811, '5240789', 'assigned'),
(2812, '1147', 'assigned'),
(2813, '63507', 'assigned'),
(2814, '1371953', 'assigned'),
(2815, '45232', 'assigned'),
(2816, '197759', 'assigned'),
(2817, '44436', 'assigned'),
(2818, '40767', 'assigned'),
(2819, '5240914', 'assigned'),
(2820, '329', 'assigned'),
(2821, '1002430', 'assigned'),
(2822, '42226', 'assigned'),
(2823, '41605', 'assigned'),
(2824, '38370', 'assigned'),
(2825, '318809', 'assigned'),
(2826, '212885', 'assigned'),
(2827, '282550', 'assigned'),
(2828, '44930', 'assigned'),
(2829, '10092097', 'assigned'),
(2830, '215201', 'assigned'),
(2831, '5241034', 'assigned'),
(2832, '334299', 'assigned'),
(2833, '334558', 'assigned'),
(2834, '198370', 'assigned'),
(2835, '301709', 'assigned'),
(2836, '5239947', 'assigned'),
(2837, '208582', 'assigned'),
(2838, '206', 'assigned'),
(2839, '43042', 'assigned'),
(2840, '10104792', 'assigned'),
(2841, '41961', 'assigned'),
(2842, '320817', 'assigned'),
(2843, '3984', 'assigned'),
(2844, '39096', 'assigned'),
(2845, '13470', 'assigned'),
(2846, '228585', 'assigned'),
(2847, '13497', 'assigned'),
(2848, '288707', 'assigned'),
(2849, '5239936', 'assigned'),
(2850, '287290', 'assigned'),
(2851, '13485', 'assigned'),
(2852, '186169', 'assigned'),
(2853, '10074549', 'assigned'),
(2854, '1490', 'assigned'),
(2855, '1358', 'assigned'),
(2856, '197948', 'assigned'),
(2857, '2867', 'assigned'),
(2858, '1442', 'assigned'),
(2859, '198063', 'assigned'),
(2860, '1660', 'assigned'),
(2861, '173', 'assigned'),
(2862, '560958', 'assigned'),
(2863, '558974', 'assigned'),
(2864, '687493', 'assigned'),
(2865, '198503', 'assigned'),
(2866, '197579', 'assigned'),
(2867, '198215', 'assigned'),
(2868, '459', 'assigned'),
(2869, '603523', 'assigned'),
(2870, '5715', 'assigned'),
(2871, '108787', 'assigned'),
(2872, '728', 'assigned'),
(2873, '2046', 'assigned'),
(2874, '523', 'assigned'),
(2875, '4260', 'assigned'),
(2876, '128441', 'assigned'),
(2877, '209264', 'assigned'),
(2878, '5239937', 'assigned'),
(2879, '480', 'assigned'),
(2880, '10028263', 'assigned'),
(2881, '2812', 'assigned'),
(2882, '10027062', 'assigned'),
(2883, '3618', 'assigned'),
(2884, '5240800', 'assigned'),
(2885, '2598', 'assigned'),
(2886, '27514', 'assigned'),
(2887, '22438', 'assigned'),
(2888, '3133', 'assigned'),
(2889, '25371', 'assigned'),
(2890, '26849', 'assigned'),
(2891, '3204', 'assigned'),
(2892, '3437', 'assigned'),
(2893, '89891', 'assigned'),
(2894, '2006', 'assigned'),
(2895, '751027', 'assigned'),
(2896, '45016', 'assigned'),
(2897, '62336', 'assigned'),
(2898, '562208', 'assigned'),
(2899, '43601', 'assigned'),
(2900, '208978', 'assigned'),
(2901, '192447', 'assigned'),
(2902, '85442', 'assigned'),
(2903, '10100267', 'assigned'),
(2904, '208926', 'assigned'),
(2905, '3550', 'assigned'),
(2906, '39687', 'assigned'),
(2907, '4027', 'assigned'),
(2908, '452844', 'assigned'),
(2909, '10104299', 'assigned'),
(2910, '208916', 'assigned'),
(2911, '4433', 'assigned'),
(2912, '910134863', 'assigned'),
(2913, '563', 'assigned'),
(2914, '835971', 'assigned'),
(2915, '10029985', 'assigned'),
(2916, '41397', 'assigned'),
(2917, '43008', 'assigned'),
(2918, '532047', 'assigned'),
(2919, '43008', 'assigned'),
(2920, '192248', 'assigned'),
(2921, '42526', 'assigned'),
(2922, '2230', 'assigned'),
(2923, '4025', 'assigned'),
(2924, '217807', 'assigned'),
(2925, '242656', 'assigned'),
(2926, '10043793', 'assigned'),
(2927, '10043795', 'assigned'),
(2928, '629056', 'assigned'),
(2929, '475', 'assigned'),
(2930, '2032', 'assigned'),
(2931, '10104562', 'assigned'),
(2932, '10104555', 'assigned'),
(2933, '10104561', 'assigned'),
(2934, '198041', 'assigned'),
(2935, '192324', 'assigned'),
(2936, '4044', 'assigned'),
(2937, '2299', 'assigned'),
(2938, '8848', 'assigned'),
(2939, '45027', 'assigned'),
(2940, '4056', 'assigned'),
(2941, '63809', 'assigned'),
(2942, '41602', 'assigned'),
(2943, '10034537', 'assigned'),
(2944, '10150751', 'assigned'),
(2945, '5239987', 'assigned'),
(2946, '44878', 'assigned'),
(2947, '197808', 'assigned'),
(2948, '2498', 'assigned'),
(2949, '2937', 'assigned'),
(2950, '208596', 'assigned'),
(2951, '2620', 'assigned'),
(2952, '2541', 'assigned'),
(2953, '2132', 'assigned'),
(2954, '258563', 'assigned'),
(2955, '65268', 'assigned'),
(2956, '999596', 'assigned'),
(2957, '312000', 'assigned'),
(2958, '318888', 'assigned'),
(2959, '70', 'assigned'),
(2960, '309502', 'assigned'),
(2961, '5239755', 'assigned'),
(2962, '10080261', 'assigned'),
(2963, '999536', 'assigned'),
(2964, '10080223', 'assigned'),
(2965, '2099', 'assigned'),
(2966, '520008', 'assigned'),
(2967, '208425', 'assigned'),
(2968, '4038', 'assigned'),
(2969, '3940', 'assigned'),
(2970, '10105201', 'assigned'),
(2971, '208447', 'assigned'),
(2972, '63332', 'assigned'),
(2973, '287870', 'assigned'),
(2974, '10025114', 'assigned'),
(2975, '309196', 'assigned'),
(2976, '10025124', 'assigned'),
(2977, '209249', 'assigned'),
(2978, '119', 'assigned'),
(2979, '3546', 'assigned'),
(2980, '25737', 'assigned'),
(2981, '999522', 'assigned'),
(2982, '42053', 'assigned'),
(2983, '588', 'assigned'),
(2984, '242561', 'assigned'),
(2985, '10025236', 'assigned'),
(2986, '198055', 'assigned'),
(2987, '10043706', 'assigned'),
(2988, '15607', 'assigned'),
(2989, '5240435', 'assigned'),
(2990, '14640', 'assigned'),
(2991, '218162', 'assigned'),
(2992, '2030267', 'assigned'),
(2993, '14431', 'assigned'),
(2994, '7234', 'assigned'),
(2995, '13728', 'assigned'),
(2996, '10104403', 'assigned'),
(2997, '12372', 'assigned'),
(2998, '10043674', 'assigned'),
(2999, '209250', 'assigned'),
(3000, '41481', 'assigned'),
(3001, '10034763', 'assigned'),
(3002, '10034762', 'assigned'),
(3003, '2481', 'assigned'),
(3004, '3986', 'assigned'),
(3005, '41890', 'assigned'),
(3006, '10105695', 'assigned'),
(3007, '192005', 'assigned'),
(3008, '192052', 'assigned'),
(3009, '3991', 'assigned'),
(3010, '192421', 'assigned'),
(3011, '39842', 'assigned'),
(3012, '5239986', 'assigned'),
(3013, '192281', 'assigned'),
(3014, '197531', 'assigned'),
(3015, '13725', 'assigned'),
(3016, '39876', 'assigned'),
(3017, '13731', 'assigned'),
(3018, '11314', 'assigned'),
(3019, '10104605', 'assigned'),
(3020, '14431', 'assigned'),
(3021, '2022', 'assigned'),
(3022, '2280', 'assigned'),
(3023, '263210', 'assigned'),
(3024, '192016', 'assigned'),
(3025, '10043598', 'assigned'),
(3026, '2347', 'assigned'),
(3027, '4185', 'assigned'),
(3028, '22615', 'assigned'),
(3029, '10043675', 'assigned'),
(3030, '2295', 'assigned'),
(3031, '192152', 'assigned'),
(3032, '197588', 'assigned'),
(3033, '3521', 'assigned'),
(3034, '4043', 'assigned'),
(3035, '2121', 'assigned'),
(3036, '2053', 'assigned'),
(3037, '318409', 'assigned'),
(3038, '560571', 'assigned'),
(3039, '5240541', 'assigned'),
(3040, '566229', 'assigned'),
(3041, '318263', 'assigned'),
(3042, '998985', 'assigned'),
(3043, '318856', 'assigned'),
(3044, '580', 'assigned'),
(3045, '303065', 'assigned'),
(3046, '558501', 'assigned'),
(3047, '557166', 'assigned'),
(3048, '305325', 'assigned'),
(3049, '1797717', 'assigned'),
(3050, '6942', 'assigned'),
(3051, '192036', 'assigned'),
(3052, '558224', 'assigned'),
(3053, '10000612', 'assigned'),
(3054, '999525', 'assigned'),
(3055, '999654', 'assigned'),
(3056, '209014', 'assigned'),
(3057, '542', 'assigned'),
(3058, '208469', 'assigned'),
(3059, '42430', 'assigned'),
(3060, '25525', 'assigned'),
(3061, '5240461', 'assigned'),
(3062, '187879', 'assigned'),
(3063, '39152', 'assigned'),
(3064, '23531', 'assigned'),
(3065, '4927869', 'assigned'),
(3066, '10105121', 'assigned'),
(3067, '4327', 'assigned'),
(3068, '40412', 'assigned'),
(3069, '10105302', 'assigned'),
(3070, '254228', 'assigned'),
(3071, '408020', 'assigned'),
(3072, '10043728', 'assigned'),
(3073, '345', 'assigned'),
(3074, '43', 'assigned'),
(3075, '25054', 'assigned'),
(3076, '51', 'assigned'),
(3077, '2808', 'assigned'),
(3078, '5240335', 'assigned'),
(3079, '29822', 'assigned'),
(3080, '26702', 'assigned'),
(3081, '26184', 'assigned'),
(3082, '96233746', 'assigned'),
(3083, '5239959', 'assigned'),
(3084, '25951', 'assigned'),
(3085, '10105187', 'assigned'),
(3086, '3621', 'assigned'),
(3087, '42663', 'assigned'),
(3088, '39406', 'assigned'),
(3089, '33750', 'assigned'),
(3090, '10105392', 'assigned'),
(3091, '399149', 'assigned'),
(3092, '43813', 'assigned'),
(3093, '888', 'assigned'),
(3094, '1417', 'assigned'),
(3095, '198407', 'assigned'),
(3096, '3869', 'assigned'),
(3097, '745', 'assigned'),
(3098, '78', 'assigned'),
(3099, '302', 'assigned'),
(3100, '269', 'assigned'),
(3101, '10105301', 'assigned'),
(3102, '565883', 'assigned'),
(3103, '5240558', 'assigned'),
(3104, '2741', 'assigned'),
(3105, '10099029', 'assigned'),
(3106, '305252', 'assigned'),
(3107, '42658', 'assigned'),
(3108, '24128', 'assigned'),
(3109, '5240465', 'assigned'),
(3110, '5241128', 'assigned'),
(3111, '25', 'assigned'),
(3112, '10043596', 'assigned'),
(3113, '217595', 'assigned'),
(3114, '5240138', 'assigned'),
(3115, '5240463', 'assigned'),
(3116, '10104984', 'assigned'),
(3117, '42446', 'assigned'),
(3118, '42107', 'assigned'),
(3119, '407', 'assigned'),
(3120, '319632', 'assigned'),
(3121, '24132', 'assigned'),
(3122, '39037', 'assigned'),
(3123, '3435', 'assigned'),
(3124, '1085', 'assigned'),
(3125, '1135', 'assigned'),
(3126, '203913', 'assigned'),
(3127, '2194154', 'assigned'),
(3128, '5240335', 'assigned'),
(3129, '318', 'assigned'),
(3130, '1914', 'assigned'),
(3131, '10035616', 'assigned'),
(3132, '10043705', 'assigned'),
(3133, '39105', 'assigned'),
(3134, '564954', 'assigned'),
(3135, '10101418', 'assigned'),
(3136, '10092046', 'assigned'),
(3137, '780', 'assigned'),
(3138, '5239952', 'assigned'),
(3139, '5240263', 'assigned'),
(3140, '457', 'assigned'),
(3141, '218247', 'assigned'),
(3142, '352', 'assigned'),
(3143, '554', 'assigned'),
(3144, '4258', 'assigned'),
(3145, '1797901', 'assigned'),
(3146, '10054827', 'assigned'),
(3147, '10104292', 'assigned'),
(3148, '736', 'assigned'),
(3149, '336', 'assigned'),
(3150, '62', 'assigned'),
(3151, '768', 'assigned'),
(3152, '1812', 'assigned'),
(3153, '10104530', 'assigned'),
(3154, '39136', 'assigned'),
(3155, '945', 'assigned'),
(3156, '1809', 'assigned'),
(3157, '10081603', 'assigned'),
(3158, '208688', 'assigned'),
(3159, '851272', 'assigned'),
(3160, '5240081', 'assigned'),
(3161, '2909', 'assigned'),
(3162, '2225', 'assigned'),
(3163, '10083862', 'assigned'),
(3164, '424', 'assigned'),
(3165, '840657', 'assigned'),
(3166, '594', 'assigned'),
(3167, '1775', 'assigned'),
(3168, '39948', 'assigned'),
(3169, '43843', 'assigned'),
(3170, '40961', 'assigned'),
(3171, '5240338', 'assigned'),
(3172, '86', 'assigned'),
(3173, '10027963', 'assigned'),
(3174, '1550', 'assigned'),
(3175, '41', 'assigned'),
(3176, '10001912', 'assigned'),
(3177, '10083863', 'assigned'),
(3178, '5239953', 'assigned'),
(3179, '5240337', 'assigned'),
(3180, '42696', 'assigned'),
(3181, '42027', 'assigned'),
(3182, '3623', 'assigned'),
(3183, '5240340', 'assigned'),
(3184, '42007', 'assigned'),
(3185, '1679', 'assigned'),
(3186, '808', 'assigned'),
(3187, '42545', 'assigned'),
(3188, '10009087', 'assigned'),
(3189, '5240671', 'assigned'),
(3190, '209305', 'assigned'),
(3191, '5240339', 'assigned'),
(3192, '5240167', 'assigned'),
(3193, '956', 'assigned'),
(3194, '3062', 'assigned'),
(3195, '2038', 'assigned'),
(3196, '423', 'assigned'),
(3197, '1699', 'assigned'),
(3198, '427', 'assigned'),
(3199, '1213', 'assigned'),
(3200, '977', 'assigned'),
(3201, '1286', 'assigned'),
(3202, '1926', 'assigned'),
(3203, '5240333', 'assigned'),
(3204, '5239780', 'assigned'),
(3205, '5240707', 'assigned'),
(3206, '5240725', 'assigned'),
(3207, '240', 'assigned'),
(3208, '31', 'assigned'),
(3209, '392', 'assigned'),
(3210, '409', 'assigned'),
(3211, '1575', 'assigned'),
(3212, '592', 'assigned'),
(3213, '508', 'assigned'),
(3214, '1208', 'assigned'),
(3215, '10105314', 'assigned'),
(3216, '1359', 'assigned'),
(3217, '3359', 'assigned'),
(3218, '10104637', 'assigned'),
(3219, '59833', 'assigned'),
(3220, '3599', 'assigned'),
(3221, '437', 'assigned'),
(3222, '3613', 'assigned'),
(3223, '289', 'assigned'),
(3224, '909271', 'assigned'),
(3225, '55', 'assigned'),
(3226, '408', 'assigned'),
(3227, '429', 'assigned'),
(3228, '14198', 'assigned'),
(3229, '2486', 'assigned'),
(3230, '208486', 'assigned'),
(3231, '5240336', 'assigned'),
(3232, '39848', 'assigned'),
(3233, '1947', 'assigned'),
(3234, '2409', 'assigned'),
(3235, '613', 'assigned'),
(3236, '5240680', 'assigned'),
(3237, '485', 'assigned'),
(3238, '1631', 'assigned'),
(3239, '1466', 'assigned'),
(3240, '1814', 'assigned'),
(3241, '303295', 'assigned'),
(3242, '830', 'assigned'),
(3243, '808', 'assigned'),
(3244, '2044', 'assigned'),
(3245, '3836', 'assigned'),
(3246, '2239', 'assigned'),
(3247, '440', 'assigned'),
(3248, '60', 'assigned'),
(3249, '1063', 'assigned'),
(3250, '392', 'assigned'),
(3251, '1859', 'assigned'),
(3252, '1824', 'assigned'),
(3253, '1413', 'assigned'),
(3254, '2864', 'assigned'),
(3255, '1803', 'assigned'),
(3256, '1996', 'assigned'),
(3257, '82088', 'assigned'),
(3258, '10007910', 'assigned'),
(3259, '1548', 'assigned'),
(3260, '5240331', 'assigned'),
(3261, '820', 'assigned'),
(3262, '41227', 'assigned'),
(3263, '395', 'assigned'),
(3264, '10104258', 'assigned'),
(3265, '841060', 'assigned'),
(3266, '1034', 'assigned'),
(3267, '10104873', 'assigned'),
(3268, '11398', 'assigned'),
(3269, '322161', 'assigned'),
(3270, '1201', 'assigned'),
(3271, '10099497', 'assigned'),
(3272, '1901', 'assigned'),
(3273, '1647', 'assigned'),
(3274, '209274', 'assigned'),
(3275, '5240685', 'assigned'),
(3276, '95', 'assigned'),
(3277, '10105135', 'assigned'),
(3278, '1752', 'assigned'),
(3279, '1498', 'assigned'),
(3280, '1995', 'assigned'),
(3281, '1565', 'assigned'),
(3282, '851223', 'assigned'),
(3283, '281', 'assigned'),
(3284, '4375', 'assigned'),
(3285, '1374', 'assigned'),
(3286, '1717', 'assigned'),
(3287, '23882', 'assigned'),
(3288, '5240511', 'assigned'),
(3289, '10086041', 'assigned'),
(3290, '3378', 'assigned'),
(3291, '2208', 'assigned'),
(3292, '1155', 'assigned'),
(3293, '5239960', 'assigned'),
(3294, '39324', 'assigned'),
(3295, '42673', 'assigned'),
(3296, '5240332', 'assigned'),
(3297, '1878', 'assigned'),
(3298, '1618', 'assigned'),
(3299, '5239951', 'assigned'),
(3300, '10105689', 'assigned'),
(3301, '10105507', 'assigned'),
(3302, '1703', 'assigned'),
(3303, '5240212', 'assigned'),
(3304, '5240466', 'assigned'),
(3305, '1753', 'assigned'),
(3306, '127585', 'assigned'),
(3307, '3771', 'assigned'),
(3308, '2866', 'assigned'),
(3309, '1992', 'assigned'),
(3310, '3461', 'assigned'),
(3311, '1546', 'assigned'),
(3312, '4240', 'assigned'),
(3313, '1200', 'assigned'),
(3314, '1600', 'assigned'),
(3315, '882950', 'assigned'),
(3316, '208541', 'assigned'),
(3317, '5240103', 'assigned'),
(3318, '2374', 'assigned'),
(3319, '23704', 'assigned'),
(3320, '2531', 'assigned'),
(3321, '1337', 'assigned'),
(3322, '3873', 'assigned'),
(3323, '5240477', 'assigned'),
(3324, '5240090', 'assigned'),
(3325, '1488', 'assigned'),
(3326, '218170', 'assigned'),
(3327, '65167', 'assigned'),
(3328, '2976', 'assigned'),
(3329, '45', 'assigned'),
(3330, '2895', 'assigned'),
(3331, '2423', 'assigned'),
(3332, '10104586', 'assigned'),
(3333, '10105303', 'assigned'),
(3334, '2075', 'assigned'),
(3335, '2865', 'assigned'),
(3336, '5240795', 'assigned'),
(3337, '2797', 'assigned'),
(3338, '2742', 'assigned'),
(3339, '2018', 'assigned'),
(3340, '2931', 'assigned'),
(3341, '2244', 'assigned'),
(3342, '2951', 'assigned'),
(3343, '10054832', 'assigned'),
(3344, '2019', 'assigned'),
(3345, '209261', 'assigned'),
(3346, '2078', 'assigned'),
(3347, '2580', 'assigned'),
(3348, '305', 'assigned'),
(3349, '2249', 'assigned'),
(3350, '254179', 'assigned'),
(3351, '23341', 'assigned'),
(3352, '224279', 'assigned'),
(3353, '59576', 'assigned'),
(3354, '1240', 'assigned'),
(3355, '910149470', 'assigned'),
(3356, '276713', 'assigned'),
(3357, '59560', 'assigned'),
(3358, '41708', 'assigned'),
(3359, '61395', 'assigned'),
(3360, '1771319', 'assigned'),
(3361, '1771095', 'assigned'),
(3362, '910156723', 'assigned'),
(3363, '910143404', 'assigned'),
(3364, '208946', 'assigned'),
(3365, '3228', 'assigned'),
(3366, '3669', 'assigned'),
(3367, '3191', 'assigned'),
(3368, '3143', 'assigned'),
(3369, '208591', 'assigned'),
(3370, '218380', 'assigned'),
(3371, '197827', 'assigned'),
(3372, '2194367', 'assigned'),
(3373, '5772', 'assigned'),
(3374, '24019', 'assigned'),
(3375, '2331', 'assigned'),
(3376, '193048', 'assigned'),
(3377, '5240255', 'assigned'),
(3378, '10104673', 'assigned'),
(3379, '218100', 'assigned'),
(3380, '23951', 'assigned'),
(3381, '167952', 'assigned'),
(3382, '601237', 'assigned'),
(3383, '6283059', 'assigned'),
(3384, '203965', 'assigned'),
(3385, '1797415', 'assigned'),
(3386, '2235', 'assigned'),
(3387, '65219', 'assigned'),
(3388, '5239981', 'assigned'),
(3389, '2387', 'assigned'),
(3390, '911', 'assigned'),
(3391, '1797761', 'assigned'),
(3392, '1472', 'assigned'),
(3393, '4147', 'assigned'),
(3394, '795', 'assigned'),
(3395, '4474', 'assigned'),
(3396, '10105430', 'assigned'),
(3397, '208741', 'assigned'),
(3398, '601', 'assigned'),
(3399, '65138', 'assigned'),
(3400, '10092825', 'assigned'),
(3401, '1714', 'assigned'),
(3402, '10104898', 'assigned'),
(3403, '10104612', 'assigned'),
(3404, '881982', 'assigned'),
(3405, '10104654', 'assigned'),
(3406, '3385', 'assigned'),
(3407, '10104959', 'assigned'),
(3408, '1813', 'assigned'),
(3409, '2212', 'assigned'),
(3410, '10104649', 'assigned'),
(3411, '5239917', 'assigned'),
(3412, '1797866', 'assigned'),
(3413, '10104458', 'assigned'),
(3414, '1797864', 'assigned'),
(3415, '218285', 'assigned'),
(3416, '3231', 'assigned'),
(3417, '2094', 'assigned'),
(3418, '889921', 'assigned'),
(3419, '3967', 'assigned'),
(3420, '3225', 'assigned'),
(3421, '197669', 'assigned'),
(3422, '582', 'assigned'),
(3423, '5240019', 'assigned'),
(3424, '209028', 'assigned'),
(3425, '325', 'assigned'),
(3426, '1872818', 'assigned'),
(3427, '218007', 'assigned'),
(3428, '254168', 'assigned'),
(3429, '561', 'assigned'),
(3430, '5240018', 'assigned'),
(3431, '66', 'assigned'),
(3432, '3656', 'assigned'),
(3433, '4435', 'assigned'),
(3434, '197545', 'assigned'),
(3435, '1872811', 'assigned'),
(3436, '24376', 'assigned'),
(3437, '410', 'assigned'),
(3438, '1589', 'assigned'),
(3439, '208795', 'assigned'),
(3440, '4181', 'assigned'),
(3441, '384', 'assigned'),
(3442, '10104651', 'assigned'),
(3443, '5240325', 'assigned'),
(3444, '751021', 'assigned'),
(3445, '10043600', 'assigned'),
(3446, '218193', 'assigned'),
(3447, '198060', 'assigned'),
(3448, '10287', 'assigned'),
(3449, '1872813', 'assigned'),
(3450, '3280', 'assigned'),
(3451, '218130', 'assigned'),
(3452, '1269', 'assigned'),
(3453, '218007', 'assigned'),
(3454, '118694', 'assigned'),
(3455, '10104658', 'assigned'),
(3456, '607123', 'assigned'),
(3457, '6693', 'assigned'),
(3458, '3651', 'assigned'),
(3459, '3724', 'assigned'),
(3460, '208452', 'assigned'),
(3461, '65299', 'assigned'),
(3462, '6289350', 'assigned'),
(3463, '1872820', 'assigned'),
(3464, '103', 'assigned'),
(3465, '228365', 'assigned'),
(3466, '924', 'assigned'),
(3467, '217566', 'assigned'),
(3468, '10104664', 'assigned'),
(3469, '1788', 'assigned'),
(3470, '1872814', 'assigned'),
(3471, '193039', 'assigned'),
(3472, '638', 'assigned'),
(3473, '10048316', 'assigned'),
(3474, '10104883', 'assigned'),
(3475, '4058', 'assigned'),
(3476, '193136', 'assigned'),
(3477, '209157', 'assigned'),
(3478, '5428', 'assigned'),
(3479, '10104667', 'assigned'),
(3480, '22611', 'assigned'),
(3481, '192358', 'assigned'),
(3482, '846', 'assigned'),
(3483, '198', 'assigned'),
(3484, '192046', 'assigned'),
(3485, '8691', 'assigned'),
(3486, '104663', 'assigned'),
(3487, '208527', 'assigned'),
(3488, '1797411', 'assigned'),
(3489, '197666', 'assigned'),
(3490, '5240292', 'assigned'),
(3491, '5240144', 'assigned'),
(3492, '5241080', 'assigned'),
(3493, '209306', 'assigned'),
(3494, '10105687', 'assigned'),
(3495, '192952', 'assigned'),
(3496, '10104648', 'assigned'),
(3497, '287', 'assigned'),
(3498, '10104659', 'assigned'),
(3499, '33223', 'assigned'),
(3500, '193154', 'assigned'),
(3501, '3128', 'assigned'),
(3502, '1196', 'assigned'),
(3503, '4446', 'assigned'),
(3504, '3264', 'assigned'),
(3505, '11882', 'assigned'),
(3506, '208812', 'assigned'),
(3507, '1797863', 'assigned'),
(3508, '5240408', 'assigned'),
(3509, '217778', 'assigned'),
(3510, '5239886', 'assigned'),
(3511, '3935', 'assigned'),
(3512, '10104408', 'assigned'),
(3513, '8835', 'assigned'),
(3514, '186076', 'assigned'),
(3515, '1356', 'assigned'),
(3516, '4397', 'assigned'),
(3517, '209199', 'assigned'),
(3518, '1879', 'assigned'),
(3519, '10104661', 'assigned'),
(3520, '120796', 'assigned'),
(3521, '3362', 'assigned'),
(3522, '1797867', 'assigned'),
(3523, '3740', 'assigned'),
(3524, '4489', 'assigned'),
(3525, '858341', 'assigned'),
(3526, '310062', 'assigned'),
(3527, '10036693', 'assigned'),
(3528, '304794', 'assigned'),
(3529, '5240523', 'assigned'),
(3530, '5239913', 'assigned'),
(3531, '315402', 'assigned'),
(3532, '5240254', 'assigned'),
(3533, '557553', 'assigned'),
(3534, '10005741', 'assigned'),
(3535, '563388', 'assigned'),
(3536, '999578', 'assigned'),
(3537, '10105257', 'assigned'),
(3538, '1797434', 'assigned'),
(3539, '320704', 'assigned'),
(3540, '10104666', 'assigned'),
(3541, '561314', 'assigned'),
(3542, '563022', 'assigned'),
(3543, '5241078', 'assigned'),
(3544, '563787', 'assigned'),
(3545, '564232', 'assigned'),
(3546, '239', 'assigned'),
(3547, '5240527', 'assigned'),
(3548, '10104671', 'assigned'),
(3549, '198434', 'assigned'),
(3550, '318166', 'assigned'),
(3551, '167920', 'assigned'),
(3552, '530578', 'assigned'),
(3553, '320422', 'assigned'),
(3554, '10104682', 'assigned'),
(3555, '192174', 'assigned'),
(3556, '306350', 'assigned'),
(3557, '10104674', 'assigned'),
(3558, '378', 'assigned'),
(3559, '563588', 'assigned'),
(3560, '197921', 'assigned'),
(3561, '327741', 'assigned'),
(3562, '5240253', 'assigned'),
(3563, '316971', 'assigned'),
(3564, '566276', 'assigned'),
(3565, '10086092', 'assigned'),
(3566, '304745', 'assigned'),
(3567, '10104668', 'assigned'),
(3568, '318601', 'assigned'),
(3569, '275609', 'assigned'),
(3570, '10105424', 'assigned'),
(3571, '208894', 'assigned'),
(3572, '10099027', 'assigned'),
(3573, '1391', 'assigned'),
(3574, '65243', 'assigned'),
(3575, '334656', 'assigned'),
(3576, '304481', 'assigned'),
(3577, '561855', 'assigned'),
(3578, '316031', 'assigned'),
(3579, '10102131', 'assigned'),
(3580, '1774838', 'assigned'),
(3581, '10080979', 'assigned'),
(3582, '218360', 'assigned'),
(3583, '5240077', 'assigned'),
(3584, '10104665', 'assigned'),
(3585, '24031', 'assigned'),
(3586, '193212', 'assigned'),
(3587, '565737', 'assigned'),
(3588, '316347', 'assigned'),
(3589, '10023253', 'assigned'),
(3590, '318738', 'assigned'),
(3591, '10104655', 'assigned'),
(3592, '1797841', 'assigned'),
(3593, '1503', 'assigned'),
(3594, '1501', 'assigned'),
(3595, '933', 'assigned'),
(3596, '128', 'assigned'),
(3597, '5807279', 'assigned'),
(3598, '858', 'assigned'),
(3599, '214592', 'assigned'),
(3600, '1797848', 'assigned'),
(3601, '198472', 'assigned'),
(3602, '869520', 'assigned'),
(3603, '1872812', 'assigned'),
(3604, '1872819', 'assigned'),
(3605, '208505', 'assigned'),
(3606, '315', 'assigned'),
(3607, '128600', 'assigned'),
(3608, '198390', 'assigned'),
(3609, '557239', 'assigned'),
(3610, '587654', 'assigned'),
(3611, '671366', 'assigned'),
(3612, '10104670', 'assigned'),
(3613, '1872816', 'assigned'),
(3614, '2198260', 'assigned'),
(3615, '5240694', 'assigned'),
(3616, '197573', 'assigned'),
(3617, '213', 'assigned'),
(3618, '8535', 'assigned'),
(3619, '10104467', 'assigned'),
(3620, '10034129', 'assigned'),
(3621, '1797846', 'assigned'),
(3622, '334303', 'assigned'),
(3623, '3565', 'assigned'),
(3624, '10043730', 'assigned'),
(3625, '1681', 'assigned'),
(3626, '5240920', 'assigned'),
(3627, '192891', 'assigned'),
(3628, '10104647', 'assigned'),
(3629, '13734', 'assigned'),
(3630, '12301', 'assigned'),
(3631, '209029', 'assigned'),
(3632, '13738', 'assigned'),
(3633, '10104406', 'assigned'),
(3634, '1797869', 'assigned'),
(3635, '11825', 'assigned'),
(3636, '10105691', 'assigned'),
(3637, '3280', 'assigned'),
(3638, '115393', 'assigned'),
(3639, '5240230', 'assigned'),
(3640, '1872817', 'assigned'),
(3641, '882772', 'assigned'),
(3642, '3122', 'assigned'),
(3643, '192923', 'assigned'),
(3644, '10105104', 'assigned'),
(3645, '1872815', 'assigned'),
(3646, '1431', 'assigned'),
(3647, '3242', 'assigned'),
(3648, '5240729', 'assigned'),
(3649, '13916', 'assigned'),
(3650, '193003', 'assigned'),
(3651, '1366', 'assigned'),
(3652, '192414', 'assigned'),
(3653, '320392', 'assigned'),
(3654, '999590', 'assigned'),
(3655, '198378', 'assigned'),
(3656, '1797425', 'assigned'),
(3657, '851107', 'assigned'),
(3658, '5240236', 'assigned');
INSERT INTO `meters_old` (`meter_id`, `meter_no`, `status`) VALUES
(3659, '148463', 'assigned'),
(3660, '192191', 'assigned'),
(3661, '10104882', 'assigned'),
(3662, '564903', 'assigned'),
(3663, '283', 'assigned'),
(3664, '1797865', 'assigned'),
(3665, '2914', 'assigned'),
(3666, '10104657', 'assigned'),
(3667, '56300', 'assigned'),
(3668, '10104761', 'assigned'),
(3669, '116597', 'assigned'),
(3670, '10104656', 'assigned'),
(3671, '65322', 'assigned'),
(3672, '316253', 'assigned'),
(3673, '10104662', 'assigned'),
(3674, '564640', 'assigned'),
(3675, '563202', 'assigned'),
(3676, '317277', 'assigned'),
(3677, '77', 'assigned'),
(3678, '197700', 'assigned'),
(3679, '10092234', 'assigned'),
(3680, '10105509', 'assigned'),
(3681, '1299', 'assigned'),
(3682, '10104694', 'assigned'),
(3683, '560169', 'assigned'),
(3684, '192323', 'assigned'),
(3685, '1797846', 'assigned'),
(3686, '3167027', 'assigned'),
(3687, '10307', 'assigned'),
(3688, '65226', 'assigned'),
(3689, '560815', 'assigned'),
(3690, '5240471', 'assigned'),
(3691, '103368', 'assigned'),
(3692, '197863', 'assigned'),
(3693, '208615', 'assigned'),
(3694, '302943', 'assigned'),
(3695, '999561', 'assigned'),
(3696, '287382', 'assigned'),
(3697, '857287', 'assigned'),
(3698, '193430', 'assigned'),
(3699, '287628', 'assigned'),
(3700, '94238', 'assigned'),
(3701, '315404', 'assigned'),
(3702, '6426772', 'assigned'),
(3703, '10104669', 'assigned'),
(3704, '999215', 'assigned'),
(3705, '348', 'assigned'),
(3706, '307650', 'assigned'),
(3707, '197741', 'assigned'),
(3708, '9995110', 'assigned'),
(3709, '287323', 'assigned'),
(3710, '44037', 'assigned'),
(3711, '198021', 'assigned'),
(3712, '307889', 'assigned'),
(3713, '1797230', 'assigned'),
(3714, '193310', 'assigned'),
(3715, '316632', 'assigned'),
(3716, '198273', 'assigned'),
(3717, '251', 'assigned'),
(3718, '287941', 'assigned'),
(3719, '193174', 'assigned'),
(3720, '314073', 'assigned'),
(3721, '23902', 'assigned'),
(3722, '10021986', 'assigned'),
(3723, '36123', 'assigned'),
(3724, '193158', 'assigned'),
(3725, '39790', 'assigned'),
(3726, '36124', 'assigned'),
(3727, '103421', 'assigned'),
(3728, '193137', 'assigned'),
(3729, '10100302', 'assigned'),
(3730, '332', 'assigned'),
(3731, '307875', 'assigned'),
(3732, '874486', 'assigned'),
(3733, '192883', 'assigned'),
(3734, '621', 'assigned'),
(3735, '197860', 'assigned'),
(3736, '564172', 'assigned'),
(3737, '320963', 'assigned'),
(3738, '5240286', 'assigned'),
(3739, '10105412', 'assigned'),
(3740, '3322', 'assigned'),
(3741, '10092094', 'assigned'),
(3742, '19251', 'assigned'),
(3743, '1421', 'assigned'),
(3744, '2846', 'assigned'),
(3745, '313113', 'assigned'),
(3746, '192992', 'assigned'),
(3747, '192723', 'assigned'),
(3748, '4249', 'assigned'),
(3749, '6', 'assigned'),
(3750, '1119', 'assigned'),
(3751, '10104398', 'assigned'),
(3752, '1797420', 'assigned'),
(3753, '330837', 'assigned'),
(3754, '3250', 'assigned'),
(3755, '560834', 'assigned'),
(3756, '5241119', 'assigned'),
(3757, '197599', 'assigned'),
(3758, '197733', 'assigned'),
(3759, '49641', 'assigned'),
(3760, '49787', 'assigned'),
(3761, '865127', 'assigned'),
(3762, '6289305', 'assigned'),
(3763, '270985', 'assigned'),
(3764, '167642', 'assigned'),
(3765, '270988', 'assigned'),
(3766, '687309', 'assigned'),
(3767, '875462', 'assigned'),
(3768, '270982', 'assigned'),
(3769, '287596', 'assigned'),
(3770, '671374', 'assigned'),
(3771, '260223', 'assigned'),
(3772, '287961', 'assigned'),
(3773, '288599', 'assigned'),
(3774, '197886', 'assigned'),
(3775, '208491', 'assigned'),
(3776, '5240046', 'assigned'),
(3777, '3026172', 'assigned'),
(3778, '214117', 'assigned'),
(3779, '755', 'assigned'),
(3780, '10105513', 'assigned'),
(3781, '287603', 'assigned'),
(3782, '10105499', 'assigned'),
(3783, '287603', 'assigned'),
(3784, '288333', 'assigned'),
(3785, '215197', 'assigned'),
(3786, '289210', 'assigned'),
(3787, '5240500', 'assigned'),
(3788, '10104275', 'assigned'),
(3789, '10104676', 'assigned'),
(3790, '24305', 'assigned'),
(3791, '5240031', 'assigned'),
(3792, '10104266', 'assigned'),
(3793, '10104457', 'assigned'),
(3794, '192128', 'assigned'),
(3795, '5240625', 'assigned'),
(3796, '1010333', 'assigned'),
(3797, '287454', 'assigned'),
(3798, '287553', 'assigned'),
(3799, '215183', 'assigned'),
(3800, '208516', 'assigned'),
(3801, '5239881', 'assigned'),
(3802, '531', 'assigned'),
(3803, '880875', 'assigned'),
(3804, '5239882', 'assigned'),
(3805, '789', 'assigned'),
(3806, '217820', 'assigned'),
(3807, '793', 'assigned'),
(3808, '5239922', 'assigned'),
(3809, '833', 'assigned'),
(3810, '3974', 'assigned'),
(3811, '360', 'assigned'),
(3812, '1797843', 'assigned'),
(3813, '198018', 'assigned'),
(3814, '74', 'assigned'),
(3815, '1306', 'assigned'),
(3816, '193408', 'assigned'),
(3817, '1720', 'assigned'),
(3818, '546', 'assigned'),
(3819, '343', 'assigned'),
(3820, '193413', 'assigned'),
(3821, '1475', 'assigned'),
(3822, '4011', 'assigned'),
(3823, '259', 'assigned'),
(3824, '456', 'assigned'),
(3825, '10099494', 'assigned'),
(3826, '658', 'assigned'),
(3827, '109', 'assigned'),
(3828, '10099493', 'assigned'),
(3829, '262389', 'assigned'),
(3830, '10099495', 'assigned'),
(3831, '10081608', 'assigned'),
(3832, '79', 'assigned'),
(3833, '2475', 'assigned'),
(3834, '4321', 'assigned'),
(3835, '10021961', 'assigned'),
(3836, '867', 'assigned'),
(3837, '118', 'assigned'),
(3838, '193454', 'assigned'),
(3839, '536', 'assigned'),
(3840, '878', 'assigned'),
(3841, '998', 'assigned'),
(3842, '381', 'assigned'),
(3843, '631', 'assigned'),
(3844, '10037914', 'assigned'),
(3845, '5240032', 'assigned'),
(3846, '10105377', 'assigned'),
(3847, '198007', 'assigned'),
(3848, '10043725', 'assigned'),
(3849, '192436', 'assigned'),
(3850, '1361', 'assigned'),
(3851, '515', 'assigned'),
(3852, '209280', 'assigned'),
(3853, '1398', 'assigned'),
(3854, '47', 'assigned'),
(3855, '1961', 'assigned'),
(3856, '334297', 'assigned'),
(3857, '24655', 'assigned'),
(3858, '1426', 'assigned'),
(3859, '1247', 'assigned'),
(3860, '758', 'assigned'),
(3861, '1817', 'assigned'),
(3862, '1351', 'assigned'),
(3863, '1368', 'assigned'),
(3864, '218040', 'assigned'),
(3865, '1975', 'assigned'),
(3866, '1459', 'assigned'),
(3867, '217611', 'assigned'),
(3868, '193053', 'assigned'),
(3869, '1147252', 'assigned'),
(3870, '209162', 'assigned'),
(3871, '5241050', 'assigned'),
(3872, '5240151', 'assigned'),
(3873, '193202', 'assigned'),
(3874, '177', 'assigned'),
(3875, '289086', 'assigned'),
(3876, '193363', 'assigned'),
(3877, '5360823', 'assigned'),
(3878, '288561', 'assigned'),
(3879, '2670', 'assigned'),
(3880, '379', 'assigned'),
(3881, '317632', 'assigned'),
(3882, '3917', 'assigned'),
(3883, '2056353', 'assigned'),
(3884, '308100', 'assigned'),
(3885, '287419', 'assigned'),
(3886, '747', 'assigned'),
(3887, '214581', 'assigned'),
(3888, '557819', 'assigned'),
(3889, '10104650', 'assigned'),
(3890, '3962', 'assigned'),
(3891, '1005', 'assigned'),
(3892, '318520', 'assigned'),
(3893, '1819', 'assigned'),
(3894, '740', 'assigned'),
(3895, '990', 'assigned'),
(3896, '206143', 'assigned'),
(3897, '288655', 'assigned'),
(3898, '320872', 'assigned'),
(3899, '1895', 'assigned'),
(3900, '179791', 'assigned'),
(3901, '3492', 'assigned'),
(3902, '4384', 'assigned'),
(3903, '384', 'assigned'),
(3904, '10105423', 'assigned'),
(3905, '2671', 'assigned'),
(3906, '198102', 'assigned'),
(3907, '41685', 'assigned'),
(3908, '287309', 'assigned'),
(3909, '197984', 'assigned'),
(3910, '797', 'assigned'),
(3911, '208882', 'assigned'),
(3912, '319451', 'assigned'),
(3913, '1086', 'assigned'),
(3914, '894011', 'assigned'),
(3915, '283710', 'assigned'),
(3916, '1797991', 'assigned'),
(3917, '929911', 'assigned'),
(3918, '10105404', 'assigned'),
(3919, '1797995', 'assigned'),
(3920, '214890', 'assigned'),
(3921, '306390', 'assigned'),
(3922, '400', 'assigned'),
(3923, '10104652', 'assigned'),
(3924, '1422', 'assigned'),
(3925, '215051', 'assigned'),
(3926, '197541', 'assigned'),
(3927, '10105203', 'assigned'),
(3928, '208800', 'assigned'),
(3929, '2233736', 'assigned'),
(3930, '5239906', 'assigned'),
(3931, '260', 'assigned'),
(3932, '208982', 'assigned'),
(3933, '10091931', 'assigned'),
(3934, '910153584', 'assigned'),
(3935, '1797992', 'assigned'),
(3936, '10021961', 'assigned'),
(3937, '304935', 'assigned'),
(3938, '125203', 'assigned'),
(3939, '209090', 'assigned'),
(3940, '10034123', 'assigned'),
(3941, '197626', 'assigned'),
(3942, '192966', 'assigned'),
(3943, '563086', 'assigned'),
(3944, '10026056', 'assigned'),
(3945, '203', 'assigned'),
(3946, '218190', 'assigned'),
(3947, '2907', 'assigned'),
(3948, '121', 'assigned'),
(3949, '543211', 'assigned'),
(3950, '390', 'assigned'),
(3951, '5240104', 'assigned'),
(3952, '10096237', 'assigned'),
(3953, '218090', 'assigned'),
(3954, '557478', 'assigned'),
(3955, '1841', 'assigned'),
(3956, '566491', 'assigned'),
(3957, '5239900', 'assigned'),
(3958, '394', 'assigned'),
(3959, '5240224', 'assigned'),
(3960, '214765', 'assigned'),
(3961, '192196', 'assigned'),
(3962, '217784', 'assigned'),
(3963, '1427', 'assigned'),
(3964, '1989', 'assigned'),
(3965, '5240728', 'assigned'),
(3966, '5239752', 'assigned'),
(3967, '193303', 'assigned'),
(3968, '10080226', 'assigned'),
(3969, '5239907', 'assigned'),
(3970, '5240747', 'assigned'),
(3971, '10105540', 'assigned'),
(3972, '193263', 'assigned'),
(3973, '303237', 'assigned'),
(3974, '5240624', 'assigned'),
(3975, '217591', 'assigned'),
(3976, '869552', 'assigned'),
(3977, '3588', 'assigned'),
(3978, '5240037', 'assigned'),
(3979, '1797994', 'assigned'),
(3980, '225', 'assigned'),
(3981, '173', 'assigned'),
(3982, '10092099', 'assigned'),
(3983, '1872760', 'assigned'),
(3984, '10', 'assigned'),
(3985, '217861', 'assigned'),
(3986, '197790', 'assigned'),
(3987, '142', 'assigned'),
(3988, '178', 'assigned'),
(3989, '1797998', 'assigned'),
(3990, '2344550', 'assigned'),
(3991, '413', 'assigned'),
(3992, '3949', 'assigned'),
(3993, '961', 'assigned'),
(3994, '543', 'assigned'),
(3995, '779', 'assigned'),
(3996, '535', 'assigned'),
(3997, '869', 'assigned'),
(3998, '1797426', 'assigned'),
(3999, '115', 'assigned'),
(4000, '775', 'assigned'),
(4001, '365', 'assigned'),
(4002, '598', 'assigned'),
(4003, '47', 'assigned'),
(4004, '193476', 'assigned'),
(4005, '10104888', 'assigned'),
(4006, '193319', 'assigned'),
(4007, '264', 'assigned'),
(4008, '193408', 'assigned'),
(4009, '898', 'assigned'),
(4010, '1405', 'assigned'),
(4011, '192482', 'assigned'),
(4012, '2845', 'assigned'),
(4013, '1114', 'assigned'),
(4014, '5240225', 'assigned'),
(4015, '5240748', 'assigned'),
(4016, '218289', 'assigned'),
(4017, '741', 'assigned'),
(4018, '228363', 'assigned'),
(4019, '106', 'assigned'),
(4020, '5240459', 'assigned'),
(4021, '2218065', 'assigned'),
(4022, '547', 'assigned'),
(4023, '979', 'assigned'),
(4024, '595', 'assigned'),
(4025, '10092001', 'assigned'),
(4026, '1509', 'assigned'),
(4027, '530', 'assigned'),
(4028, '372', 'assigned'),
(4029, '591', 'assigned'),
(4030, '192497', 'assigned'),
(4031, '2451', 'assigned'),
(4032, '969', 'assigned'),
(4033, '10092819', 'assigned'),
(4034, '192064', 'assigned'),
(4035, '870', 'assigned'),
(4036, '755', 'assigned'),
(4037, '10105131', 'assigned'),
(4038, '1061', 'assigned'),
(4039, '10105416', 'assigned'),
(4040, '10105129', 'assigned'),
(4041, '722', 'assigned'),
(4042, '1797997', 'assigned'),
(4043, '348', 'assigned'),
(4044, '5240040', 'assigned'),
(4045, '127955', 'assigned'),
(4046, '10104587', 'assigned'),
(4047, '209017', 'assigned'),
(4048, '254145', 'assigned'),
(4049, '1891950', 'assigned'),
(4050, '10104663', 'assigned'),
(4051, '10105401', 'assigned'),
(4052, '10104660', 'assigned'),
(4053, '655', 'assigned'),
(4054, '1797300', 'assigned'),
(4055, '557', 'assigned'),
(4056, '431', 'assigned'),
(4057, '193241', 'assigned'),
(4058, '892', 'assigned'),
(4059, '193353', 'assigned'),
(4060, '664', 'assigned'),
(4061, '120781', 'assigned'),
(4062, '131', 'assigned'),
(4063, '62', 'assigned'),
(4064, '1602', 'assigned'),
(4065, '10104877', 'assigned'),
(4066, '590', 'assigned'),
(4067, '1873', 'assigned'),
(4068, '3996', 'assigned'),
(4069, '639', 'assigned'),
(4070, '562336', 'assigned'),
(4071, '236', 'assigned'),
(4072, '2729', 'assigned'),
(4073, '5240226', 'assigned'),
(4074, '5240723', 'assigned'),
(4075, '1092', 'assigned'),
(4076, '776', 'assigned'),
(4077, '5240222', 'assigned'),
(4078, '1977', 'assigned'),
(4079, '1790', 'assigned'),
(4080, '2083', 'assigned'),
(4081, '5240962', 'assigned'),
(4082, '369', 'assigned'),
(4083, '218403', 'assigned'),
(4084, '5240917', 'assigned'),
(4085, '10037938', 'assigned'),
(4086, '1757', 'assigned'),
(4087, '2087', 'assigned'),
(4088, '1920', 'assigned'),
(4089, '198008', 'assigned'),
(4090, '197731', 'assigned'),
(4091, '673', 'assigned'),
(4092, '1617', 'assigned'),
(4093, '138', 'assigned'),
(4094, '10105196', 'assigned'),
(4095, '232565', 'assigned'),
(4096, '1872751', 'assigned'),
(4097, '193426', 'assigned'),
(4098, '1332', 'assigned'),
(4099, '6666', 'assigned'),
(4100, '855', 'assigned'),
(4101, '193348', 'assigned'),
(4102, '5240923', 'assigned'),
(4103, '1526', 'assigned'),
(4104, '3950', 'assigned'),
(4105, '417', 'assigned'),
(4106, '1226', 'assigned'),
(4107, '2947', 'assigned'),
(4108, '1113', 'assigned'),
(4109, '192482', 'assigned'),
(4110, '197818', 'assigned'),
(4111, '193098', 'assigned'),
(4112, '197657', 'assigned'),
(4113, '1870', 'assigned'),
(4114, '1637', 'assigned'),
(4115, '857', 'assigned'),
(4116, '10105376', 'assigned'),
(4117, '1983', 'assigned'),
(4118, '65140', 'assigned'),
(4119, '1644', 'assigned'),
(4120, '209243', 'assigned'),
(4121, '1133', 'assigned'),
(4122, '1086', 'assigned'),
(4123, '41736', 'assigned'),
(4124, '16', 'assigned'),
(4125, '122', 'assigned'),
(4126, '195', 'assigned'),
(4127, '1796', 'assigned'),
(4128, '389', 'assigned'),
(4129, '10271', 'assigned'),
(4130, '1179', 'assigned'),
(4131, '48', 'assigned'),
(4132, '10086139', 'assigned'),
(4133, '189', 'assigned'),
(4134, '4094', 'assigned'),
(4135, '1670273', 'assigned'),
(4136, '2982', 'assigned'),
(4137, '1690', 'assigned'),
(4138, '1456', 'assigned'),
(4139, '6123', 'assigned'),
(4140, '1016', 'assigned'),
(4141, '1872756', 'assigned'),
(4142, '2955', 'assigned'),
(4143, '2979', 'assigned'),
(4144, '197582', 'assigned'),
(4145, '5240532', 'assigned'),
(4146, '65222', 'assigned'),
(4147, '3525', 'assigned'),
(4148, '2675', 'assigned'),
(4149, '1872757', 'assigned'),
(4150, '1872755', 'assigned'),
(4151, '21', 'assigned'),
(4152, '36', 'assigned'),
(4153, '10337', 'assigned'),
(4154, '10105141', 'assigned'),
(4155, '197999', 'assigned'),
(4156, '1797996', 'assigned'),
(4157, '964', 'assigned'),
(4158, '192495', 'assigned'),
(4159, '209265', 'assigned'),
(4160, '1887', 'assigned'),
(4161, '10104780', 'assigned'),
(4162, '10034122', 'assigned'),
(4163, '218256', 'assigned'),
(4164, '1275', 'assigned'),
(4165, '193250', 'assigned'),
(4166, '10062801', 'assigned'),
(4167, '227333', 'assigned'),
(4168, '208524', 'assigned'),
(4169, '209166', 'assigned'),
(4170, '3909', 'assigned'),
(4171, '1382', 'assigned'),
(4172, '192317', 'assigned'),
(4173, '217741', 'assigned'),
(4174, '677', 'assigned'),
(4175, '10061260', 'assigned'),
(4176, '197618', 'assigned'),
(4177, '2167', 'assigned'),
(4178, '4927852', 'assigned'),
(4179, '2959', 'assigned'),
(4180, '218431', 'assigned'),
(4181, '645', 'assigned'),
(4182, '237', 'assigned'),
(4183, '1465', 'assigned'),
(4184, '208', 'assigned'),
(4185, '420', 'assigned'),
(4186, '192181', 'assigned'),
(4187, '1919', 'assigned'),
(4188, '22', 'assigned'),
(4189, '10105108', 'assigned'),
(4190, '1872759', 'assigned'),
(4191, '10104653', 'assigned'),
(4192, '198170', 'assigned'),
(4193, '2665', 'assigned'),
(4194, '5239757', 'assigned'),
(4195, '2649', 'assigned'),
(4196, '193201', 'assigned'),
(4197, '192641', 'assigned'),
(4198, '193157', 'assigned'),
(4199, '5240276', 'assigned'),
(4200, '1872753', 'assigned'),
(4201, '218038', 'assigned'),
(4202, '3532', 'assigned'),
(4203, '2906', 'assigned'),
(4204, '232566', 'assigned'),
(4205, '10092089', 'assigned'),
(4206, '5240264', 'assigned'),
(4207, '3328', 'assigned'),
(4208, '5240553', 'assigned'),
(4209, '2990', 'assigned'),
(4210, '10049188', 'assigned'),
(4211, '3937', 'assigned'),
(4212, '10049195', 'assigned'),
(4213, '3915', 'assigned'),
(4214, '2660', 'assigned'),
(4215, '217873', 'assigned'),
(4216, '3383', 'assigned'),
(4217, '5240688', 'assigned'),
(4218, '228384', 'assigned'),
(4219, '2628', 'assigned'),
(4220, '2464', 'assigned'),
(4221, '2265', 'assigned'),
(4222, '1872751', 'assigned'),
(4223, '2939', 'assigned'),
(4224, '10104534', 'assigned'),
(4225, '2994', 'assigned'),
(4226, '3957', 'assigned'),
(4227, '209022', 'assigned'),
(4228, '10105113', 'assigned'),
(4229, '4079', 'assigned'),
(4230, '4055', 'assigned'),
(4231, '3346', 'assigned'),
(4232, '217877', 'assigned'),
(4233, '193195', 'assigned'),
(4234, '193422', 'assigned'),
(4235, '208666', 'assigned'),
(4236, '4024', 'assigned'),
(4237, '3854', 'assigned'),
(4238, '2542', 'assigned'),
(4239, '217525', 'assigned'),
(4240, '3576', 'assigned'),
(4241, '5239885', 'assigned'),
(4242, '3960', 'assigned'),
(4243, '4315', 'assigned'),
(4244, '5637', 'assigned'),
(4245, '613027', 'assigned'),
(4246, '3012767', 'assigned'),
(4247, '208581', 'assigned'),
(4248, '193165', 'assigned'),
(4249, '4099', 'assigned'),
(4250, '102', 'assigned'),
(4251, '3503', 'assigned'),
(4252, '1872752', 'assigned'),
(4253, '4041', 'assigned'),
(4254, '198441', 'assigned'),
(4255, '217828', 'assigned'),
(4256, '19248', 'assigned'),
(4257, '65141', 'assigned'),
(4258, '208889', 'assigned'),
(4259, '3887', 'assigned'),
(4260, '671', 'assigned'),
(4261, '3572', 'assigned'),
(4262, '4123', 'assigned'),
(4263, '4303', 'assigned'),
(4264, '3343', 'assigned'),
(4265, '192944', 'assigned'),
(4266, '2211', 'assigned'),
(4267, '3336', 'assigned'),
(4268, '208867', 'assigned'),
(4269, '193142', 'assigned'),
(4270, '3076', 'assigned'),
(4271, '5360592', 'assigned'),
(4272, '23045', 'assigned'),
(4273, '3983', 'assigned'),
(4274, '3995', 'assigned'),
(4275, '646', 'assigned'),
(4276, '287911', 'assigned'),
(4277, '1782', 'assigned'),
(4278, '565835', 'assigned'),
(4279, '1634', 'assigned'),
(4280, '1400', 'assigned'),
(4281, '212970', 'assigned'),
(4282, '561692', 'assigned'),
(4283, '840819', 'assigned'),
(4284, '175', 'assigned'),
(4285, '1025710', 'assigned'),
(4286, '1132', 'assigned'),
(4287, '320404', 'assigned'),
(4288, '362', 'assigned'),
(4289, '560561', 'assigned'),
(4290, '1241', 'assigned'),
(4291, '1867', 'assigned'),
(4292, '10023427', 'assigned'),
(4293, '1365', 'assigned'),
(4294, '41059', 'assigned'),
(4295, '54674', 'assigned'),
(4296, '304812', 'assigned'),
(4297, '5239807', 'assigned'),
(4298, '552', 'assigned'),
(4299, '214641', 'assigned'),
(4300, '555290', 'assigned'),
(4301, '330700', 'assigned'),
(4302, '10023431', 'assigned'),
(4303, '10092237', 'assigned'),
(4304, '282', 'assigned'),
(4305, '1390', 'assigned'),
(4306, '288542', 'assigned'),
(4307, '10104419', 'assigned'),
(4308, '1171', 'assigned'),
(4309, '167933', 'assigned'),
(4310, '1684', 'assigned'),
(4311, '213067', 'assigned'),
(4312, '44046', 'assigned'),
(4313, '68', 'assigned'),
(4314, '10025371', 'assigned'),
(4315, '940', 'assigned'),
(4316, '1214', 'assigned'),
(4317, '5240112', 'assigned'),
(4318, '5239836', 'assigned'),
(4319, '214206', 'assigned'),
(4320, '10000654', 'assigned'),
(4321, '186', 'assigned'),
(4322, '5240119', 'assigned'),
(4323, '1988', 'assigned'),
(4324, '315887', 'assigned'),
(4325, '3562', 'assigned'),
(4326, '488', 'assigned'),
(4327, '1353', 'assigned'),
(4328, '10104241', 'assigned'),
(4329, '288061', 'assigned'),
(4330, '1884', 'assigned'),
(4331, '346', 'assigned'),
(4332, '314276', 'assigned'),
(4333, '18767', 'assigned'),
(4334, '5240835', 'assigned'),
(4335, '49', 'assigned'),
(4336, '638', 'assigned'),
(4337, '303242', 'assigned'),
(4338, '10023452', 'assigned'),
(4339, '318056', 'assigned'),
(4340, '304158', 'assigned'),
(4341, '10023900', 'assigned'),
(4342, '10023424', 'assigned'),
(4343, '287410', 'assigned'),
(4344, '309572', 'assigned'),
(4345, '213794', 'assigned'),
(4346, '1411', 'assigned'),
(4347, '540', 'assigned'),
(4348, '3989', 'assigned'),
(4349, '2435', 'assigned'),
(4350, '806', 'assigned'),
(4351, '1458', 'assigned'),
(4352, '498', 'assigned'),
(4353, '1767', 'assigned'),
(4354, '193052', 'assigned'),
(4355, '303530', 'assigned'),
(4356, '881', 'assigned'),
(4357, '1110', 'assigned'),
(4358, '1522', 'assigned'),
(4359, '10105181', 'assigned'),
(4360, '179', 'assigned'),
(4361, '78175', 'assigned'),
(4362, '324199', 'assigned'),
(4363, '1203', 'assigned'),
(4364, '556761', 'assigned'),
(4365, '909', 'assigned'),
(4366, '1326', 'assigned'),
(4367, '300', 'assigned'),
(4368, '1649', 'assigned'),
(4369, '1943', 'assigned'),
(4370, '1516', 'assigned'),
(4371, '1792', 'assigned'),
(4372, '1126', 'assigned'),
(4373, '298', 'assigned'),
(4374, '1991', 'assigned'),
(4375, '1277', 'assigned'),
(4376, '628', 'assigned'),
(4377, '287', 'assigned'),
(4378, '91', 'assigned'),
(4379, '953', 'assigned'),
(4380, '10024515', 'assigned'),
(4381, '351', 'assigned'),
(4382, '265', 'assigned'),
(4383, '5239831', 'assigned'),
(4384, '3629', 'assigned'),
(4385, '4095', 'assigned'),
(4386, '548', 'assigned'),
(4387, '1', 'assigned'),
(4388, '4377', 'assigned'),
(4389, '3506', 'assigned'),
(4390, '513', 'assigned'),
(4391, '3570', 'assigned'),
(4392, '3792', 'assigned'),
(4393, '5239765', 'assigned'),
(4394, '4064', 'assigned'),
(4395, '10023477', 'assigned'),
(4396, '3395', 'assigned'),
(4397, '3703', 'assigned'),
(4398, '192072', 'assigned'),
(4399, '1963', 'assigned'),
(4400, '192565', 'assigned'),
(4401, '1002', 'assigned'),
(4402, '126379', 'assigned'),
(4403, '10104412', 'assigned'),
(4404, '167808', 'assigned'),
(4405, '1266', 'assigned'),
(4406, '160732', 'assigned'),
(4407, '4037', 'assigned'),
(4408, '5240365', 'assigned'),
(4409, '1709', 'assigned'),
(4410, '3362', 'assigned'),
(4411, '5239776', 'assigned'),
(4412, '749', 'assigned'),
(4413, '2868', 'assigned'),
(4414, '1953', 'assigned'),
(4415, '218393', 'assigned'),
(4416, '334277', 'assigned'),
(4417, '193075', 'assigned'),
(4418, '10104414', 'assigned'),
(4419, '330', 'assigned'),
(4420, '193015', 'assigned'),
(4421, '20014201', 'assigned'),
(4422, '61', 'assigned'),
(4423, '2193103', 'assigned'),
(4424, '4023', 'assigned'),
(4425, '3574', 'assigned'),
(4426, '280', 'assigned'),
(4427, '208918', 'assigned'),
(4428, '1540', 'assigned'),
(4429, '10104418', 'assigned'),
(4430, '4063', 'assigned'),
(4431, '696', 'assigned'),
(4432, '904', 'assigned'),
(4433, '122471', 'assigned'),
(4434, '2627', 'assigned'),
(4435, '1360', 'assigned'),
(4436, '254271', 'assigned'),
(4437, '2081', 'assigned'),
(4438, '3176', 'assigned'),
(4439, '1115', 'assigned'),
(4440, '490', 'assigned'),
(4441, '702', 'assigned'),
(4442, '10104421', 'assigned'),
(4443, '5240312', 'assigned'),
(4444, '192266', 'assigned'),
(4445, '406', 'assigned'),
(4446, '5240318', 'assigned'),
(4447, '5240314', 'assigned'),
(4448, '5240315', 'assigned'),
(4449, '1080', 'assigned'),
(4450, '4373', 'assigned'),
(4451, '2193219', 'assigned'),
(4452, '919', 'assigned'),
(4453, '167804', 'assigned'),
(4454, '122775', 'assigned'),
(4455, '193037', 'assigned'),
(4456, '213', 'assigned'),
(4457, '5377616', 'assigned'),
(4458, '5240270', 'assigned'),
(4459, '963', 'assigned'),
(4460, '262387', 'assigned'),
(4461, '3527', 'assigned'),
(4462, '10043721', 'assigned'),
(4463, '231', 'assigned'),
(4464, '10104743', 'assigned'),
(4465, '608', 'assigned'),
(4466, '193084', 'assigned'),
(4467, '278', 'assigned'),
(4468, '5240316', 'assigned'),
(4469, '10104415', 'assigned'),
(4470, '128239', 'assigned'),
(4471, '193266', 'assigned'),
(4472, '10037929', 'assigned'),
(4473, '910147307', 'assigned'),
(4474, '13', 'assigned'),
(4475, '218209', 'assigned'),
(4476, '254930', 'assigned'),
(4477, '5240823', 'assigned'),
(4478, '259', 'assigned'),
(4479, '208695', 'assigned'),
(4480, '1793', 'assigned'),
(4481, '1162', 'assigned'),
(4482, '254285', 'assigned'),
(4483, '3530', 'assigned'),
(4484, '825', 'assigned'),
(4485, '720', 'assigned'),
(4486, '193122', 'assigned'),
(4487, '242639', 'assigned'),
(4488, '1245', 'assigned'),
(4489, '289118', 'assigned'),
(4490, '1726', 'assigned'),
(4491, '706', 'assigned'),
(4492, '5239828', 'assigned'),
(4493, '5239824', 'assigned'),
(4494, '4060', 'assigned'),
(4495, '884', 'assigned'),
(4496, '1027', 'assigned'),
(4497, '682', 'assigned'),
(4498, '34', 'assigned'),
(4499, '1370', 'assigned'),
(4500, '1557', 'assigned'),
(4501, '605', 'assigned'),
(4502, '3374', 'assigned'),
(4503, '1719', 'assigned'),
(4504, '1396', 'assigned'),
(4505, '1178', 'assigned'),
(4506, '50749', 'assigned'),
(4507, '1441', 'assigned'),
(4508, '10082870', 'assigned'),
(4509, '1563', 'assigned'),
(4510, '4080', 'assigned'),
(4511, '133', 'assigned'),
(4512, '1304', 'assigned'),
(4513, '3522', 'assigned'),
(4514, '10043669', 'assigned'),
(4515, '5240320', 'assigned'),
(4516, '889', 'assigned'),
(4517, '5240313', 'assigned'),
(4518, '428', 'assigned'),
(4519, '345', 'assigned'),
(4520, '399', 'assigned'),
(4521, '1852', 'assigned'),
(4522, '209191', 'assigned'),
(4523, '12922', 'assigned'),
(4524, '209213', 'assigned'),
(4525, '503', 'assigned'),
(4526, '1189', 'assigned'),
(4527, '10104411', 'assigned'),
(4528, '578', 'assigned'),
(4529, '3596', 'assigned'),
(4530, '3946', 'assigned'),
(4531, '1901', 'assigned'),
(4532, '5240244', 'assigned'),
(4533, '1606', 'assigned'),
(4534, '4143', 'assigned'),
(4535, '508', 'assigned'),
(4536, '219', 'assigned'),
(4537, '3384', 'assigned'),
(4538, '3568', 'assigned'),
(4539, '3705', 'assigned'),
(4540, '5240271', 'assigned'),
(4541, '4165', 'assigned'),
(4542, '4408', 'assigned'),
(4543, '668', 'assigned'),
(4544, '208844', 'assigned'),
(4545, '3355', 'assigned'),
(4546, '192392', 'assigned'),
(4547, '322', 'assigned'),
(4548, '3528', 'assigned'),
(4549, '218389', 'assigned'),
(4550, '3394', 'assigned'),
(4551, '3990', 'assigned'),
(4552, '192348', 'assigned'),
(4553, '3359', 'assigned'),
(4554, '460', 'assigned'),
(4555, '3412', 'assigned'),
(4556, '193399', 'assigned'),
(4557, '223253', 'assigned'),
(4558, '193001', 'assigned'),
(4559, '193018', 'assigned'),
(4560, '10104416', 'assigned'),
(4561, '663', 'assigned'),
(4562, '19225', 'assigned'),
(4563, '10104742', 'assigned'),
(4564, '217563', 'assigned'),
(4565, '192386', 'assigned'),
(4566, '5241074', 'assigned'),
(4567, '209099', 'assigned'),
(4568, '193479', 'assigned'),
(4569, '208435', 'assigned'),
(4570, '193050', 'assigned'),
(4571, '5372230', 'assigned'),
(4572, '640', 'assigned'),
(4573, '40', 'assigned'),
(4574, '192098', 'assigned'),
(4575, '208671', 'assigned'),
(4576, '91038428', 'assigned'),
(4577, '192172', 'assigned'),
(4578, '910139973', 'assigned'),
(4579, '193253', 'assigned'),
(4580, '910137422', 'assigned'),
(4581, '125214', 'assigned'),
(4582, '910144985', 'assigned'),
(4583, '957', 'assigned'),
(4584, '910145578', 'assigned'),
(4585, '5241073', 'assigned'),
(4586, '5241075', 'assigned'),
(4587, '910145657', 'assigned'),
(4588, '5239827', 'assigned'),
(4589, '5239829', 'assigned'),
(4590, '5239821', 'assigned'),
(4591, '5239826', 'assigned'),
(4592, '910147970', 'assigned'),
(4593, '910149056', 'assigned'),
(4594, '193259', 'assigned'),
(4595, '667', 'assigned'),
(4596, '910146655', 'assigned'),
(4597, '464', 'assigned'),
(4598, '192812', 'assigned'),
(4599, '910146640', 'assigned'),
(4600, '167965', 'assigned'),
(4601, '910140344', 'assigned'),
(4602, '910150087', 'assigned'),
(4603, '910134811', 'assigned'),
(4604, '910131629', 'assigned'),
(4605, '910149580', 'assigned'),
(4606, '676', 'assigned'),
(4607, '910121941', 'assigned'),
(4608, '208560', 'assigned'),
(4609, '654', 'assigned'),
(4610, '2910150263', 'assigned'),
(4611, '910153114', 'assigned'),
(4612, '910141631', 'assigned'),
(4613, '10104410', 'assigned'),
(4614, '10036695', 'assigned'),
(4615, '10105487', 'assigned'),
(4616, '193143', 'assigned'),
(4617, '10105709', 'assigned'),
(4618, '10104413', 'assigned'),
(4619, '910106556', 'assigned'),
(4620, '2193021', 'assigned'),
(4621, '910147435', 'assigned'),
(4622, '208663', 'assigned'),
(4623, '193044', 'assigned'),
(4624, '198499', 'assigned'),
(4625, '910146650', 'assigned'),
(4626, '193011', 'assigned'),
(4627, '910150320', 'assigned'),
(4628, '193067', 'assigned'),
(4629, '910150080', 'assigned'),
(4630, '193310', 'assigned'),
(4631, '5240311', 'assigned'),
(4632, '5240319', 'assigned'),
(4633, '5240317', 'assigned'),
(4634, '5239825', 'assigned'),
(4635, '2233654', 'assigned'),
(4636, '5239830', 'assigned'),
(4637, '193147', 'assigned'),
(4638, '91041262', 'assigned'),
(4639, '10104734', 'assigned'),
(4640, '6667', 'assigned'),
(4641, '910154811', 'assigned'),
(4642, '210154766', 'assigned'),
(4643, '910135279', 'assigned'),
(4644, '10146219', 'assigned'),
(4645, '61161', 'assigned'),
(4646, '193074', 'assigned'),
(4647, '193119', 'assigned'),
(4648, '193264', 'assigned'),
(4649, '910143165', 'assigned'),
(4650, '475', 'assigned'),
(4651, '871760', 'assigned'),
(4652, '2910148270', 'assigned'),
(4653, '10080974', 'assigned'),
(4654, '910118263', 'assigned'),
(4655, '128552', 'assigned'),
(4656, '193030', 'assigned'),
(4657, '910131429', 'assigned'),
(4658, '910149634', 'assigned'),
(4659, '910144849', 'assigned'),
(4660, '3838', 'assigned'),
(4661, '193256', 'assigned'),
(4662, '910145490', 'assigned'),
(4663, '193020', 'assigned'),
(4664, '910150332', 'assigned'),
(4665, '910137027', 'assigned'),
(4666, '193002', 'assigned'),
(4667, '2910144900', 'assigned'),
(4668, '910116325', 'assigned'),
(4669, '910134086', 'assigned'),
(4670, '910141523', 'assigned'),
(4671, '910147555', 'assigned'),
(4672, '193121', 'assigned'),
(4673, '910152002', 'assigned'),
(4674, '910129022', 'assigned'),
(4675, '193057', 'assigned'),
(4676, '910153622', 'assigned'),
(4677, '3719', 'assigned'),
(4678, '9100156577', 'assigned'),
(4679, '91028985', 'assigned'),
(4680, '910144501', 'assigned'),
(4681, '3774', 'assigned'),
(4682, '910143839', 'assigned'),
(4683, '2910150914', 'assigned'),
(4684, '5240248', 'assigned'),
(4685, '10043749', 'assigned'),
(4686, '910137792', 'assigned'),
(4687, '910141510', 'assigned'),
(4688, '198435', 'assigned'),
(4689, '91048791', 'assigned'),
(4690, '910150733', 'assigned'),
(4691, '910139974', 'assigned'),
(4692, '91041295', 'assigned'),
(4693, '910144869', 'assigned'),
(4694, '910140840', 'assigned'),
(4695, '910139192', 'assigned'),
(4696, '10001973', 'assigned'),
(4697, '910144567', 'assigned'),
(4698, '873605', 'assigned'),
(4699, '910130578', 'assigned'),
(4700, '910147215', 'assigned'),
(4701, '910148541', 'assigned'),
(4702, '910137025', 'assigned'),
(4703, '10081280', 'assigned'),
(4704, '910137161', 'assigned'),
(4705, '10043679', 'assigned'),
(4706, '197535', 'assigned'),
(4707, '193012', 'assigned'),
(4708, '4927797', 'assigned'),
(4709, '192396', 'assigned'),
(4710, '2198093', 'assigned'),
(4711, '193046', 'assigned'),
(4712, '193107', 'assigned'),
(4713, '193023', 'assigned'),
(4714, '193138', 'assigned'),
(4715, '193248', 'assigned'),
(4716, '208941', 'assigned'),
(4717, '193077', 'assigned'),
(4718, '193005', 'assigned'),
(4719, '193072', 'assigned'),
(4720, '192532', 'assigned'),
(4721, '193069', 'assigned'),
(4722, '193152', 'assigned'),
(4723, '193096', 'assigned'),
(4724, '218172', 'assigned'),
(4725, '193125', 'assigned'),
(4726, '19331', 'assigned'),
(4727, '193073', 'assigned'),
(4728, '910142054', 'assigned'),
(4729, '197900', 'assigned'),
(4730, '193110', 'assigned'),
(4731, '193487', 'assigned'),
(4732, '208445', 'assigned'),
(4733, '209182', 'assigned'),
(4734, '217762', 'assigned'),
(4735, '192399', 'assigned'),
(4736, '192038', 'assigned'),
(4737, '192262', 'assigned'),
(4738, '2176829', 'assigned'),
(4739, '192078', 'assigned'),
(4740, '910142561', 'assigned'),
(4741, '208535', 'assigned'),
(4742, '192193', 'assigned'),
(4743, '193489', 'assigned'),
(4744, '2092933', 'assigned'),
(4745, '218067', 'assigned'),
(4746, '198148', 'assigned'),
(4747, '192443', 'assigned'),
(4748, '192084', 'assigned'),
(4749, '193152', 'assigned'),
(4750, '193114', 'assigned'),
(4751, '193126', 'assigned'),
(4752, '123773', 'assigned'),
(4753, '198204', 'assigned'),
(4754, '198235', 'assigned'),
(4755, '209041', 'assigned'),
(4756, '736', 'assigned'),
(4757, '218351', 'assigned'),
(4758, '156', 'assigned'),
(4759, '218298', 'assigned'),
(4760, '208476', 'assigned'),
(4761, '242630', 'assigned'),
(4762, '910150747', 'assigned'),
(4763, '125201', 'assigned'),
(4764, '910147980', 'assigned'),
(4765, '910134581', 'assigned'),
(4766, '910150146', 'assigned'),
(4767, '910150588', 'assigned'),
(4768, '910149471', 'assigned'),
(4769, '910139544', 'assigned'),
(4770, '193252', 'assigned'),
(4771, '910147896', 'assigned'),
(4772, '910144238', 'assigned'),
(4773, '193109', 'assigned'),
(4774, '193130', 'assigned'),
(4775, '910137983', 'assigned'),
(4776, '208634', 'assigned'),
(4777, '456', 'assigned'),
(4778, '2910139143', 'assigned'),
(4779, '91050240', 'assigned'),
(4780, '841054', 'assigned'),
(4781, '910142142', 'assigned'),
(4782, '910143647', 'assigned'),
(4783, '910136744', 'assigned'),
(4784, '1349', 'assigned'),
(4785, '64258', 'assigned'),
(4786, '910144029', 'assigned'),
(4787, '910137804', 'assigned'),
(4788, '228288', 'assigned'),
(4789, '193064', 'assigned'),
(4790, '208556', 'assigned'),
(4791, '192613', 'assigned'),
(4792, '63803', 'assigned'),
(4793, '65171', 'assigned'),
(4794, '10104434', 'assigned'),
(4795, '125259', 'assigned'),
(4796, '10104446', 'assigned'),
(4797, '193298', 'assigned'),
(4798, '193321', 'assigned'),
(4799, '198283', 'assigned'),
(4800, '208570', 'assigned'),
(4801, '209214', 'assigned'),
(4802, '3653', 'assigned'),
(4803, '513', 'assigned'),
(4804, '10105233', 'assigned'),
(4805, '502244', 'assigned'),
(4806, '126', 'assigned'),
(4807, '208998', 'assigned'),
(4808, '218104', 'assigned'),
(4809, '1525', 'assigned'),
(4810, '197953', 'assigned'),
(4811, '1197563', 'assigned'),
(4812, '1079', 'assigned'),
(4813, '1630', 'assigned'),
(4814, '2073', 'assigned'),
(4815, '198052', 'assigned'),
(4816, '4326', 'assigned'),
(4817, '1740', 'assigned'),
(4818, '208496', 'assigned'),
(4819, '1508', 'assigned'),
(4820, '1437', 'assigned'),
(4821, '2111', 'assigned'),
(4822, '313', 'assigned'),
(4823, '1523', 'assigned'),
(4824, '197996', 'assigned'),
(4825, '1410', 'assigned'),
(4826, '1081', 'assigned'),
(4827, '2338', 'assigned'),
(4828, '1298', 'assigned'),
(4829, '1500', 'assigned'),
(4830, '533', 'assigned'),
(4831, '704', 'assigned'),
(4832, '1982', 'assigned'),
(4833, '845', 'assigned'),
(4834, '2130', 'assigned'),
(4835, '239066', 'assigned'),
(4836, '206389', 'assigned'),
(4837, '5239919', 'assigned'),
(4838, '2074', 'assigned'),
(4839, '5239946', 'assigned'),
(4840, '2528', 'assigned'),
(4841, '3861', 'assigned'),
(4842, '4073', 'assigned'),
(4843, '4146', 'assigned'),
(4844, '3398', 'assigned'),
(4845, '2956', 'assigned'),
(4846, '3399', 'assigned'),
(4847, '3895', 'assigned'),
(4848, '74', 'assigned'),
(4849, '3890', 'assigned'),
(4850, '203593', 'assigned'),
(4851, '204472', 'assigned'),
(4852, '203427', 'assigned'),
(4853, '41928', 'assigned'),
(4854, '4320', 'assigned'),
(4855, '3484', 'assigned'),
(4856, '4086', 'assigned'),
(4857, '65261', 'assigned'),
(4858, '910150735', 'assigned'),
(4859, '910156700', 'assigned'),
(4860, '4162', 'assigned'),
(4861, '2577', 'assigned'),
(4862, '910149515', 'assigned'),
(4863, '910154149', 'assigned'),
(4864, '1031', 'assigned'),
(4865, '2989', 'assigned'),
(4866, '1868', 'assigned'),
(4867, '244', 'assigned'),
(4868, '1906', 'assigned'),
(4869, '116', 'assigned'),
(4870, '10105498', 'assigned'),
(4871, '1807', 'assigned'),
(4872, '1973', 'assigned'),
(4873, '5220', 'assigned'),
(4874, '614', 'assigned'),
(4875, '1407', 'assigned'),
(4876, '1050', 'assigned'),
(4877, '1951', 'assigned'),
(4878, '1890', 'assigned'),
(4879, '1698', 'assigned'),
(4880, '1876', 'assigned'),
(4881, '1843', 'assigned'),
(4882, '10054838', 'assigned'),
(4883, '910146151', 'assigned'),
(4884, '841', 'assigned'),
(4885, '1941', 'assigned'),
(4886, '1375', 'assigned'),
(4887, '1567', 'assigned'),
(4888, '3182', 'assigned'),
(4889, '1774', 'assigned'),
(4890, '1436', 'assigned'),
(4891, '2196', 'assigned'),
(4892, '1287', 'assigned'),
(4893, '144', 'assigned'),
(4894, '910147548', 'assigned'),
(4895, '706', 'assigned'),
(4896, '1046', 'assigned'),
(4897, '1607', 'assigned'),
(4898, '1333', 'assigned'),
(4899, '1933', 'assigned'),
(4900, '1489', 'assigned'),
(4901, '2085123', 'assigned'),
(4902, '1236', 'assigned'),
(4903, '1357', 'assigned'),
(4904, '1601', 'assigned'),
(4905, '10104575', 'assigned'),
(4906, '1272', 'assigned'),
(4907, '1897', 'assigned'),
(4908, '1801', 'assigned'),
(4909, '2731', 'assigned'),
(4910, '2197693', 'assigned'),
(4911, '446', 'assigned'),
(4912, '871132', 'assigned'),
(4913, '2145', 'assigned'),
(4914, '1093', 'assigned'),
(4915, '1280', 'assigned'),
(4916, '1996', 'assigned'),
(4917, '235', 'assigned'),
(4918, '304', 'assigned'),
(4919, '1732', 'assigned'),
(4920, '1555', 'assigned'),
(4921, '1076', 'assigned'),
(4922, '1477', 'assigned'),
(4923, '1108', 'assigned'),
(4924, '2564', 'assigned'),
(4925, '204102', 'assigned'),
(4926, '1095', 'assigned'),
(4927, '2549', 'assigned'),
(4928, '3826', 'assigned'),
(4929, '3587', 'assigned'),
(4930, '2476', 'assigned'),
(4931, '2602', 'assigned'),
(4932, '2613', 'assigned'),
(4933, '2782', 'assigned'),
(4934, '2240', 'assigned'),
(4935, '1303', 'assigned'),
(4936, '2351', 'assigned'),
(4937, '2275', 'assigned'),
(4938, '1519', 'assigned'),
(4939, '1471', 'assigned'),
(4940, '208877', 'assigned'),
(4941, '1872', 'assigned'),
(4942, '1378', 'assigned'),
(4943, '4441', 'assigned'),
(4944, '500', 'assigned'),
(4945, '1671', 'assigned'),
(4946, '2684', 'assigned'),
(4947, '1378', 'assigned'),
(4948, '2348', 'assigned'),
(4949, '2355', 'assigned'),
(4950, '2287', 'assigned'),
(4951, '1576', 'assigned'),
(4952, '2195', 'assigned'),
(4953, '994', 'assigned'),
(4954, '208728', 'assigned'),
(4955, '1371', 'assigned'),
(4956, '1981', 'assigned'),
(4957, '1570', 'assigned'),
(4958, '1218', 'assigned'),
(4959, '981', 'assigned'),
(4960, '338', 'assigned'),
(4961, '2364', 'assigned'),
(4962, '5240869', 'assigned'),
(4963, '1856', 'assigned'),
(4964, '2262', 'assigned'),
(4965, '196', 'assigned'),
(4966, '355', 'assigned'),
(4967, '2141', 'assigned'),
(4968, '2465', 'assigned'),
(4969, '2004', 'assigned'),
(4970, '1035', 'assigned'),
(4971, '218352', 'assigned'),
(4972, '2179', 'assigned'),
(4973, '4335', 'assigned'),
(4974, '2448', 'assigned'),
(4975, '1745', 'assigned'),
(4976, '2548', 'assigned'),
(4977, '707', 'assigned'),
(4978, '2958', 'assigned'),
(4979, '676', 'assigned'),
(4980, '5240434', 'assigned'),
(4981, '1526', 'assigned'),
(4982, '5240406', 'assigned'),
(4983, '2062', 'assigned'),
(4984, '1521', 'assigned'),
(4985, '3567', 'assigned'),
(4986, '1783', 'assigned'),
(4987, '463', 'assigned'),
(4988, '209153', 'assigned'),
(4989, '198185', 'assigned'),
(4990, '10034765', 'assigned'),
(4991, '5240194', 'assigned'),
(4992, '208439', 'assigned'),
(4993, '10105688', 'assigned'),
(4994, '10105685', 'assigned'),
(4995, '209256', 'assigned'),
(4996, '209304', 'assigned'),
(4997, '1484', 'assigned'),
(4998, '208859', 'assigned'),
(4999, '602', 'assigned'),
(5000, '2025', 'assigned'),
(5001, '209281', 'assigned'),
(5002, '1781', 'assigned'),
(5003, '2521', 'assigned'),
(5004, '10100262', 'assigned'),
(5005, '1096', 'assigned'),
(5006, '1751', 'assigned'),
(5007, '2560', 'assigned'),
(5008, '2733', 'assigned'),
(5009, '218418', 'assigned'),
(5010, '1938', 'assigned'),
(5011, '24117', 'assigned'),
(5012, '5348022', 'assigned'),
(5013, '1246', 'assigned'),
(5014, '218318', 'assigned'),
(5015, '347', 'assigned'),
(5016, '5371719', 'assigned'),
(5017, '1749', 'assigned'),
(5018, '148', 'assigned'),
(5019, '1502', 'assigned'),
(5020, '1420', 'assigned'),
(5021, '1831', 'assigned'),
(5022, '104', 'assigned'),
(5023, '1831', 'assigned'),
(5024, '1476', 'assigned'),
(5025, '1224', 'assigned'),
(5026, '1716', 'assigned'),
(5027, '1202', 'assigned'),
(5028, '1137', 'assigned'),
(5029, '122881', 'assigned'),
(5030, '1911', 'assigned'),
(5031, '1908', 'assigned'),
(5032, '1668', 'assigned'),
(5033, '370', 'assigned'),
(5034, '395', 'assigned'),
(5035, '1273', 'assigned'),
(5036, '1976', 'assigned'),
(5037, '10073704', 'assigned'),
(5038, '10037919', 'assigned'),
(5039, '1336', 'assigned'),
(5040, '1100', 'assigned'),
(5041, '1626', 'assigned'),
(5042, '624', 'assigned'),
(5043, '1558', 'assigned'),
(5044, '1195', 'assigned'),
(5045, '197845', 'assigned'),
(5046, '197988', 'assigned'),
(5047, '856', 'assigned'),
(5048, '10043825', 'assigned'),
(5049, '1608', 'assigned'),
(5050, '1482', 'assigned'),
(5051, '1624', 'assigned'),
(5052, '2198079', 'assigned'),
(5053, '950', 'assigned'),
(5054, '1652', 'assigned'),
(5055, '1949', 'assigned'),
(5056, '198117', 'assigned'),
(5057, '1362', 'assigned'),
(5058, '549', 'assigned'),
(5059, '1415', 'assigned'),
(5060, '1648', 'assigned'),
(5061, '2198429', 'assigned'),
(5062, '1799', 'assigned'),
(5063, '5241112', 'assigned'),
(5064, '1105', 'assigned'),
(5065, '1984', 'assigned'),
(5066, '1481', 'assigned'),
(5067, '1381', 'assigned'),
(5068, '1625', 'assigned'),
(5069, '1553', 'assigned'),
(5070, '3357', 'assigned'),
(5071, '1343', 'assigned'),
(5072, '1572', 'assigned'),
(5073, '1222', 'assigned'),
(5074, '1330', 'assigned'),
(5075, '1230', 'assigned'),
(5076, '1527', 'assigned'),
(5077, '1209', 'assigned'),
(5078, '445', 'assigned'),
(5079, '167838', 'assigned'),
(5080, '263959', 'assigned'),
(5081, '1167', 'assigned'),
(5082, '1621', 'assigned'),
(5083, '673', 'assigned'),
(5084, '2389', 'assigned'),
(5085, '1053', 'assigned'),
(5086, '1850', 'assigned'),
(5087, '1928', 'assigned'),
(5088, '1551', 'assigned'),
(5089, '1848', 'assigned'),
(5090, '2198322', 'assigned'),
(5091, '1915', 'assigned'),
(5092, '2197902', 'assigned'),
(5093, '209142', 'assigned'),
(5094, '1026', 'assigned'),
(5095, '1408', 'assigned'),
(5096, '1560', 'assigned'),
(5097, '1499', 'assigned'),
(5098, '198074', 'assigned'),
(5099, '2570', 'assigned'),
(5100, '1773', 'assigned'),
(5101, '95233', 'assigned'),
(5102, '1142', 'assigned'),
(5103, '830295', 'assigned'),
(5104, '2769', 'assigned'),
(5105, '41394', 'assigned'),
(5106, '387', 'assigned'),
(5107, '1341', 'assigned'),
(5108, '2264', 'assigned'),
(5109, '2523', 'assigned'),
(5110, '2109', 'assigned'),
(5111, '2399', 'assigned'),
(5112, '10051996', 'assigned'),
(5113, '1742', 'assigned'),
(5114, '167817', 'assigned'),
(5115, '3495', 'assigned'),
(5116, '4462', 'assigned'),
(5117, '39443', 'assigned'),
(5118, '10079093', 'assigned'),
(5119, '190145004', 'assigned'),
(5120, '65194', 'assigned'),
(5121, '205767', 'assigned'),
(5122, '878057', 'assigned'),
(5123, '192577', 'assigned'),
(5124, '486', 'assigned'),
(5125, '91048767', 'assigned'),
(5126, '197665', 'assigned'),
(5127, '5365621', 'assigned'),
(5128, '910150089', 'assigned'),
(5129, '2718', 'assigned'),
(5130, '198175', 'assigned'),
(5131, '2518', 'assigned'),
(5132, '2086418', 'assigned'),
(5133, '682', 'assigned'),
(5134, '91029554', 'assigned'),
(5135, '910154948', 'assigned'),
(5136, '7999', 'assigned'),
(5137, '2590', 'assigned'),
(5138, '10048469', 'assigned'),
(5139, '2197763', 'assigned'),
(5140, '682268', 'assigned'),
(5141, '208661', 'assigned'),
(5142, '3089', 'assigned'),
(5143, '2788', 'assigned'),
(5144, '192926', 'assigned'),
(5145, '287474', 'assigned'),
(5146, '910149469', 'assigned'),
(5147, '4458', 'assigned'),
(5148, '1628', 'assigned'),
(5149, '910129410', 'assigned'),
(5150, '10047150', 'assigned'),
(5151, '3726', 'assigned'),
(5152, '4086932', 'assigned'),
(5153, '192991', 'assigned'),
(5154, '2337', 'assigned'),
(5155, '2370', 'assigned'),
(5156, '39', 'assigned'),
(5157, '3594', 'assigned'),
(5158, '910143454', 'assigned'),
(5159, '2842', 'assigned'),
(5160, '910139820', 'assigned'),
(5161, '3738', 'assigned'),
(5162, '1689', 'assigned'),
(5163, '2089', 'assigned'),
(5164, '21499243', 'assigned'),
(5165, '910135952', 'assigned'),
(5166, '2345', 'assigned'),
(5167, '1629', 'assigned'),
(5168, '1890244', 'assigned'),
(5169, '1735', 'assigned'),
(5170, '192872', 'assigned'),
(5171, '127982', 'assigned'),
(5172, '881999', 'assigned'),
(5173, '5239914', 'assigned'),
(5174, '910156281', 'assigned'),
(5175, '5240139', 'assigned'),
(5176, '10073708', 'assigned'),
(5177, '2903', 'assigned'),
(5178, '737', 'assigned'),
(5179, '10029515', 'assigned'),
(5180, '910137473', 'assigned'),
(5181, '1008', 'assigned'),
(5182, '910146901', 'assigned'),
(5183, '4105', 'assigned'),
(5184, '3775', 'assigned'),
(5185, '3646', 'assigned'),
(5186, '1608668', 'assigned'),
(5187, '910125176', 'assigned'),
(5188, '5240756', 'assigned'),
(5189, '3860', 'assigned'),
(5190, '29303', 'assigned'),
(5191, '910148627', 'assigned'),
(5192, '10048323', 'assigned'),
(5193, '910145033', 'assigned'),
(5194, '19328', 'assigned'),
(5195, '91009524', 'assigned'),
(5196, '9101493683', 'assigned'),
(5197, '5241072', 'assigned'),
(5198, '91014685', 'assigned'),
(5199, '915106354', 'assigned'),
(5200, '1668', 'assigned'),
(5201, '5241115', 'assigned'),
(5202, '910144160', 'assigned'),
(5203, '910133914', 'assigned'),
(5204, '18910182', 'assigned'),
(5205, '192887', 'assigned'),
(5206, '910143761', 'assigned'),
(5207, '71054173', 'assigned'),
(5208, '4448', 'assigned'),
(5209, '2515', 'assigned'),
(5210, '192591', 'assigned'),
(5211, '4419', 'assigned'),
(5212, '694', 'assigned'),
(5213, '193127', 'assigned'),
(5214, '2197609', 'assigned'),
(5215, '209007', 'assigned'),
(5216, '192829', 'assigned'),
(5217, '193033', 'assigned'),
(5218, '192968', 'assigned'),
(5219, '369', 'assigned'),
(5220, '193123', 'assigned'),
(5221, '10049191', 'assigned'),
(5222, '192753', 'assigned'),
(5223, '270975', 'assigned'),
(5224, '192622', 'assigned'),
(5225, '192844', 'assigned'),
(5226, '2198433', 'assigned'),
(5227, '198131', 'assigned'),
(5228, '192987', 'assigned'),
(5229, '198020', 'assigned'),
(5230, '192951', 'assigned'),
(5231, '192903', 'assigned'),
(5232, '192819', 'assigned'),
(5233, '192924', 'assigned'),
(5234, '198061', 'assigned'),
(5235, '192759', 'assigned'),
(5236, '10025362', 'assigned'),
(5237, '192741', 'assigned'),
(5238, '10025397', 'assigned'),
(5239, '198006', 'assigned'),
(5240, '344', 'assigned'),
(5241, '2197834', 'assigned'),
(5242, '192919', 'assigned'),
(5243, '2343', 'assigned'),
(5244, '1182', 'assigned'),
(5245, '10104417', 'assigned'),
(5246, '772', 'assigned'),
(5247, '1402', 'assigned'),
(5248, '910156315', 'assigned'),
(5249, '192617', 'assigned'),
(5250, '3044', 'assigned'),
(5251, '910135154', 'assigned'),
(5252, '197644', 'assigned'),
(5253, '177157', 'assigned'),
(5254, '17715', 'assigned'),
(5255, '910134662', 'assigned'),
(5256, '910155169', 'assigned'),
(5257, '910146950', 'assigned'),
(5258, '553', 'assigned'),
(5259, '18901886', 'assigned'),
(5260, '910125140', 'assigned'),
(5261, '910146113', 'assigned'),
(5262, '1770997', 'assigned'),
(5263, '2197951', 'assigned'),
(5264, '65098', 'assigned'),
(5265, '193148', 'assigned'),
(5266, '2197773', 'assigned'),
(5267, '10091995', 'assigned'),
(5268, '192208', 'assigned'),
(5269, '878022', 'assigned'),
(5270, '198476', 'assigned'),
(5271, '2198123', 'assigned'),
(5272, '197811', 'assigned'),
(5273, '192122', 'assigned'),
(5274, '197784', 'assigned'),
(5275, '44163', 'assigned'),
(5276, '192382', 'assigned'),
(5277, '193275', 'assigned'),
(5278, '208717', 'assigned'),
(5279, '3694', 'assigned'),
(5280, '193207', 'assigned'),
(5281, '198406', 'assigned'),
(5282, '192316', 'assigned'),
(5283, '192439', 'assigned'),
(5284, '197851', 'assigned'),
(5285, '193168', 'assigned'),
(5286, '910155187', 'assigned'),
(5287, '910143467', 'assigned'),
(5288, '910141567', 'assigned'),
(5289, '910142896', 'assigned'),
(5290, '65245', 'assigned'),
(5291, '910146746', 'assigned'),
(5292, '65258', 'assigned'),
(5293, '3908', 'assigned'),
(5294, '1797201', 'assigned'),
(5295, '910156296', 'assigned'),
(5296, '3172', 'assigned'),
(5297, '2198440', 'assigned'),
(5298, '4333', 'assigned'),
(5299, '1775', 'assigned'),
(5300, '17709772', 'assigned'),
(5301, '209316', 'assigned'),
(5302, '41162', 'assigned'),
(5303, '24614', 'assigned'),
(5304, '1300', 'assigned'),
(5305, '550', 'assigned'),
(5306, '752', 'assigned'),
(5307, '1620', 'assigned'),
(5308, '1978', 'assigned'),
(5309, '1598', 'assigned'),
(5310, '5240687', 'assigned'),
(5311, '10104750', 'assigned'),
(5312, '1673', 'assigned'),
(5313, '1153', 'assigned'),
(5314, '1898', 'assigned'),
(5315, '1273', 'assigned'),
(5316, '101', 'assigned'),
(5317, '1766', 'assigned'),
(5318, '195', 'assigned'),
(5319, '1423', 'assigned'),
(5320, '94', 'assigned'),
(5321, '1836', 'assigned'),
(5322, '208730', 'assigned'),
(5323, '1084', 'assigned'),
(5324, '2449', 'assigned'),
(5325, '10043742', 'assigned'),
(5326, '2366', 'assigned'),
(5327, '1324', 'assigned'),
(5328, '1103', 'assigned'),
(5329, '167967', 'assigned'),
(5330, '1748', 'assigned'),
(5331, '65123', 'assigned'),
(5332, '1846', 'assigned'),
(5333, '558', 'assigned'),
(5334, '2180', 'assigned'),
(5335, '752', 'assigned'),
(5336, '105', 'assigned'),
(5337, '1307', 'assigned'),
(5338, '1744', 'assigned'),
(5339, '1478', 'assigned'),
(5340, '526', 'assigned'),
(5341, '1291', 'assigned'),
(5342, '1632', 'assigned'),
(5343, '1399', 'assigned'),
(5344, '1425', 'assigned'),
(5345, '1055', 'assigned'),
(5346, '1713', 'assigned'),
(5347, '1207', 'assigned'),
(5348, '1301', 'assigned'),
(5349, '1376', 'assigned'),
(5350, '1240', 'assigned'),
(5351, '343890', 'assigned'),
(5352, '740', 'assigned'),
(5353, '1944', 'assigned'),
(5354, '2303', 'assigned'),
(5355, '1632', 'assigned'),
(5356, '1554', 'assigned'),
(5357, '1816', 'assigned'),
(5358, '549', 'assigned'),
(5359, '1818', 'assigned'),
(5360, '1562', 'assigned'),
(5361, '188', 'assigned'),
(5362, '1910', 'assigned'),
(5363, '1531', 'assigned'),
(5364, '1826', 'assigned'),
(5365, '872', 'assigned'),
(5366, '809', 'assigned'),
(5367, '1451', 'assigned'),
(5368, '1805', 'assigned'),
(5369, '2335', 'assigned'),
(5370, '3786', 'assigned'),
(5371, '1158', 'assigned'),
(5372, '1577', 'assigned'),
(5373, '1472', 'assigned'),
(5374, '1956', 'assigned'),
(5375, '991', 'assigned'),
(5376, '1044', 'assigned'),
(5377, '5241144', 'assigned'),
(5378, '217785', 'assigned'),
(5379, '1853', 'assigned'),
(5380, '1242', 'assigned'),
(5381, '3884', 'assigned'),
(5382, '1419', 'assigned'),
(5383, '3323', 'assigned'),
(5384, '1030', 'assigned'),
(5385, '1154', 'assigned'),
(5386, '208718', 'assigned'),
(5387, '1364', 'assigned'),
(5388, '10048324', 'assigned'),
(5389, '1830', 'assigned'),
(5390, '1946', 'assigned'),
(5391, '61036', 'assigned'),
(5392, '1340', 'assigned'),
(5393, '208451', 'assigned'),
(5394, '1543', 'assigned'),
(5395, '10047157', 'assigned'),
(5396, '1658', 'assigned'),
(5397, '687497', 'assigned'),
(5398, '687496', 'assigned'),
(5399, '198366', 'assigned'),
(5400, '628', 'assigned'),
(5401, '2455', 'assigned'),
(5402, '2513', 'assigned'),
(5403, '2119', 'assigned'),
(5404, '4351', 'assigned'),
(5405, '2626', 'assigned'),
(5406, '193087', 'assigned'),
(5407, '2633', 'assigned'),
(5408, '2683', 'assigned'),
(5409, '2396', 'assigned'),
(5410, '2527', 'assigned'),
(5411, '2329', 'assigned'),
(5412, '2922', 'assigned'),
(5413, '2770', 'assigned'),
(5414, '2545', 'assigned'),
(5415, '2519', 'assigned'),
(5416, '208674', 'assigned'),
(5417, '5241070', 'assigned'),
(5418, '198527', 'assigned'),
(5419, '910145606', 'assigned'),
(5420, '197678', 'assigned'),
(5421, '1797370', 'assigned'),
(5422, '98080', 'assigned'),
(5423, '2568', 'assigned'),
(5424, '192494', 'assigned'),
(5425, '1797681', 'assigned'),
(5426, '10105343', 'assigned'),
(5427, '2175', 'assigned'),
(5428, '2630', 'assigned'),
(5429, '5240223', 'assigned'),
(5430, '198042', 'assigned'),
(5431, '146050', 'assigned'),
(5432, '3903', 'assigned'),
(5433, '2410', 'assigned'),
(5434, '2676', 'assigned'),
(5435, '2852', 'assigned'),
(5436, '2952', 'assigned'),
(5437, '2166', 'assigned'),
(5438, '2294', 'assigned'),
(5439, '2425', 'assigned'),
(5440, '710', 'assigned'),
(5441, '118685', 'assigned'),
(5442, '2781', 'assigned'),
(5443, '10007310', 'assigned'),
(5444, '2811', 'assigned'),
(5445, '2064', 'assigned'),
(5446, '193360', 'assigned'),
(5447, '2001', 'assigned'),
(5448, '176293', 'assigned'),
(5449, '2310', 'assigned'),
(5450, '10104469', 'assigned'),
(5451, '198502', 'assigned'),
(5452, '2559', 'assigned'),
(5453, '10104878', 'assigned'),
(5454, '292', 'assigned'),
(5455, '239008', 'assigned'),
(5456, '10104888', 'assigned'),
(5457, '2143', 'assigned'),
(5458, '2020', 'assigned'),
(5459, '2767', 'assigned'),
(5460, '193453', 'assigned'),
(5461, '24020', 'assigned'),
(5462, '1014472', 'assigned'),
(5463, '5240701', 'assigned'),
(5464, '364', 'assigned'),
(5465, '2838', 'assigned'),
(5466, '2589', 'assigned'),
(5467, '38', 'assigned'),
(5468, '177152', 'assigned'),
(5469, '3781', 'assigned'),
(5470, '10104465', 'assigned'),
(5471, '198351', 'assigned'),
(5472, '655', 'assigned'),
(5473, '2274', 'assigned'),
(5474, '197925', 'assigned'),
(5475, '2892', 'assigned'),
(5476, '286405', 'assigned'),
(5477, '10104691', 'assigned'),
(5478, '3639', 'assigned'),
(5479, '5240393', 'assigned'),
(5480, '2587', 'assigned'),
(5481, '10105105', 'assigned'),
(5482, '3071', 'assigned');
INSERT INTO `meters_old` (`meter_id`, `meter_no`, `status`) VALUES
(5483, '2143', 'assigned'),
(5484, '5240929', 'assigned'),
(5485, '10104991', 'assigned'),
(5486, '2552', 'assigned'),
(5487, '873515', 'assigned'),
(5488, '197736', 'assigned'),
(5489, '238969', 'assigned'),
(5490, '2713', 'assigned'),
(5491, '2420', 'assigned'),
(5492, '2558', 'assigned'),
(5493, '2767', 'assigned'),
(5494, '192124', 'assigned'),
(5495, '574', 'assigned'),
(5496, '2835', 'assigned'),
(5497, '217878', 'assigned'),
(5498, '2058', 'assigned'),
(5499, '3955', 'assigned'),
(5500, '2086', 'assigned'),
(5501, '2842', 'assigned'),
(5502, '2654', 'assigned'),
(5503, '2405', 'assigned'),
(5504, '2837', 'assigned'),
(5505, '2826', 'assigned'),
(5506, '2844', 'assigned'),
(5507, '2546', 'assigned'),
(5508, '2571', 'assigned'),
(5509, '2437', 'assigned'),
(5510, '41855', 'assigned'),
(5511, '10105514', 'assigned'),
(5512, '2880', 'assigned'),
(5513, '2814', 'assigned'),
(5514, '2873', 'assigned'),
(5515, '2995', 'assigned'),
(5516, '2820', 'assigned'),
(5517, '168', 'assigned'),
(5518, '192177', 'assigned'),
(5519, '198437', 'assigned'),
(5520, '198367', 'assigned'),
(5521, '197702', 'assigned'),
(5522, '198065', 'assigned'),
(5523, '2014', 'assigned'),
(5524, '582', 'assigned'),
(5525, '2404', 'assigned'),
(5526, '8220022', 'assigned'),
(5527, '2595', 'assigned'),
(5528, '192429', 'assigned'),
(5529, '871172', 'assigned'),
(5530, '217560', 'assigned'),
(5531, '197923', 'assigned'),
(5532, '197767', 'assigned'),
(5533, '2098', 'assigned'),
(5534, '24030', 'assigned'),
(5535, '65209', 'assigned'),
(5536, '13753', 'assigned'),
(5537, '3762', 'assigned'),
(5538, '23968', 'assigned'),
(5539, '2034', 'assigned'),
(5540, '242642', 'assigned'),
(5541, '2802', 'assigned'),
(5542, '2422', 'assigned'),
(5543, '78602', 'assigned'),
(5544, '193453', 'assigned'),
(5545, '2201', 'assigned'),
(5546, '10104785', 'assigned'),
(5547, '2680', 'assigned'),
(5548, '101', 'assigned'),
(5549, '193141', 'assigned'),
(5550, '2759', 'assigned'),
(5551, '296137', 'assigned'),
(5552, '97639', 'assigned'),
(5553, '2805', 'assigned'),
(5554, '4480', 'assigned'),
(5555, '2088', 'assigned'),
(5556, '192203', 'assigned'),
(5557, '198043', 'assigned'),
(5558, '5240838', 'assigned'),
(5559, '5241020', 'assigned'),
(5560, '2643', 'assigned'),
(5561, '293761', 'assigned'),
(5562, '2753', 'assigned'),
(5563, '2080', 'assigned'),
(5564, '39677', 'assigned'),
(5565, '2774', 'assigned'),
(5566, '2745', 'assigned'),
(5567, '2092', 'assigned'),
(5568, '2703', 'assigned'),
(5569, '209270', 'assigned'),
(5570, '56721', 'assigned'),
(5571, '193478', 'assigned'),
(5572, '22097', 'assigned'),
(5573, '63774', 'assigned'),
(5574, '751017', 'assigned'),
(5575, '2378', 'assigned'),
(5576, '198387', 'assigned'),
(5577, '4393', 'assigned'),
(5578, '2773', 'assigned'),
(5579, '5240872', 'assigned'),
(5580, '10043591', 'assigned'),
(5581, '3566', 'assigned'),
(5582, '4468', 'assigned'),
(5583, '850197', 'assigned'),
(5584, '3144', 'assigned'),
(5585, '2600', 'assigned'),
(5586, '197774', 'assigned'),
(5587, '2854', 'assigned'),
(5588, '2875', 'assigned'),
(5589, '2911', 'assigned'),
(5590, '2721', 'assigned'),
(5591, '143757', 'assigned'),
(5592, '2447', 'assigned'),
(5593, '193355', 'assigned'),
(5594, '2054', 'assigned'),
(5595, '193435', 'assigned'),
(5596, '2704', 'assigned'),
(5597, '2118', 'assigned'),
(5598, '2426', 'assigned'),
(5599, '2860', 'assigned'),
(5600, '2749', 'assigned'),
(5601, '2415', 'assigned'),
(5602, '562901', 'assigned'),
(5603, '2672', 'assigned'),
(5604, '290', 'assigned'),
(5605, '2026', 'assigned'),
(5606, '2648', 'assigned'),
(5607, '197746', 'assigned'),
(5608, '2723', 'assigned'),
(5609, '5240287', 'assigned'),
(5610, '798', 'assigned'),
(5611, '23518', 'assigned'),
(5612, '23010', 'assigned'),
(5613, '2027', 'assigned'),
(5614, '2352', 'assigned'),
(5615, '2825', 'assigned'),
(5616, '2024', 'assigned'),
(5617, '3470', 'assigned'),
(5618, '2208935', 'assigned'),
(5619, '10104545', 'assigned'),
(5620, '2635', 'assigned'),
(5621, '122718', 'assigned'),
(5622, '2493', 'assigned'),
(5623, '5239818', 'assigned'),
(5624, '209266', 'assigned'),
(5625, '2859', 'assigned'),
(5626, '10104985', 'assigned'),
(5627, '10092231', 'assigned'),
(5628, '2668', 'assigned'),
(5629, '197766', 'assigned'),
(5630, '24316', 'assigned'),
(5631, '24028', 'assigned'),
(5632, '198045', 'assigned'),
(5633, '2497', 'assigned'),
(5634, '10105746', 'assigned'),
(5635, '10104892', 'assigned'),
(5636, '2818', 'assigned'),
(5637, '39830', 'assigned'),
(5638, '192021', 'assigned'),
(5639, '1107', 'assigned'),
(5640, '22515', 'assigned'),
(5641, '198496', 'assigned'),
(5642, '1005770', 'assigned'),
(5643, '2500', 'assigned'),
(5644, '303297', 'assigned'),
(5645, '2157', 'assigned'),
(5646, '23970', 'assigned'),
(5647, '43070', 'assigned'),
(5648, '2495', 'assigned'),
(5649, '10025866', 'assigned'),
(5650, '208670', 'assigned'),
(5651, '2052', 'assigned'),
(5652, '228577', 'assigned'),
(5653, '2807', 'assigned'),
(5654, '10096226', 'assigned'),
(5655, '10100332', 'assigned'),
(5656, '2222', 'assigned'),
(5657, '10043536', 'assigned'),
(5658, '873714', 'assigned'),
(5659, '5239775', 'assigned'),
(5660, '2233449', 'assigned'),
(5661, '2752', 'assigned'),
(5662, '193460', 'assigned'),
(5663, '193378', 'assigned'),
(5664, '880657', 'assigned'),
(5665, '2129', 'assigned'),
(5666, '2901', 'assigned'),
(5667, '5240622', 'assigned'),
(5668, '2321', 'assigned'),
(5669, '10086042', 'assigned'),
(5670, '197745', 'assigned'),
(5671, '197739', 'assigned'),
(5672, '218417', 'assigned'),
(5673, '2115', 'assigned'),
(5674, '10105402', 'assigned'),
(5675, '2436', 'assigned'),
(5676, '10025356', 'assigned'),
(5677, '235922', 'assigned'),
(5678, '2499', 'assigned'),
(5679, '2762', 'assigned'),
(5680, '3941', 'assigned'),
(5681, '2066', 'assigned'),
(5682, '4042', 'assigned'),
(5683, '10043910', 'assigned'),
(5684, '2221', 'assigned'),
(5685, '192630', 'assigned'),
(5686, '286', 'assigned'),
(5687, '2450', 'assigned'),
(5688, '1948', 'assigned'),
(5689, '10104689', 'assigned'),
(5690, '24014', 'assigned'),
(5691, '10099498', 'assigned'),
(5692, '2765', 'assigned'),
(5693, '2428', 'assigned'),
(5694, '2036', 'assigned'),
(5695, '2700', 'assigned'),
(5696, '510687', 'assigned'),
(5697, '2153', 'assigned'),
(5698, '193242', 'assigned'),
(5699, '2403', 'assigned'),
(5700, '2209027', 'assigned'),
(5701, '2884', 'assigned'),
(5702, '193351', 'assigned'),
(5703, '2823', 'assigned'),
(5704, '192401', 'assigned'),
(5705, '4142', 'assigned'),
(5706, '218427', 'assigned'),
(5707, '2524', 'assigned'),
(5708, '2565', 'assigned'),
(5709, '2324', 'assigned'),
(5710, '193362', 'assigned'),
(5711, '2609', 'assigned'),
(5712, '211603', 'assigned'),
(5713, '1766', 'assigned'),
(5714, '4927866', 'assigned'),
(5715, '208710', 'assigned'),
(5716, '192234', 'assigned'),
(5717, '2850', 'assigned'),
(5718, '65187', 'assigned'),
(5719, '2126', 'assigned'),
(5720, '2563', 'assigned'),
(5721, '2172', 'assigned'),
(5722, '2815', 'assigned'),
(5723, '2554', 'assigned'),
(5724, '10092081', 'assigned'),
(5725, '2553', 'assigned'),
(5726, '406624', 'assigned'),
(5727, '65', 'assigned'),
(5728, '2530', 'assigned'),
(5729, '10043839', 'assigned'),
(5730, '5239941', 'assigned'),
(5731, '2610', 'assigned'),
(5732, '5239942', 'assigned'),
(5733, '193417', 'assigned'),
(5734, '2344', 'assigned'),
(5735, '2076', 'assigned'),
(5736, '2', 'assigned'),
(5737, '2659', 'assigned'),
(5738, '83011', 'assigned'),
(5739, '10043810', 'assigned'),
(5740, '209023', 'assigned'),
(5741, '193305', 'assigned'),
(5742, '10073698', 'assigned'),
(5743, '1387', 'assigned'),
(5744, '421', 'assigned'),
(5745, '5240349', 'assigned'),
(5746, '10096225', 'assigned'),
(5747, '5240714', 'assigned'),
(5748, '197987', 'assigned'),
(5749, '150733', 'assigned'),
(5750, '5240409', 'assigned'),
(5751, '65292', 'assigned'),
(5752, '5240997', 'assigned'),
(5753, '1002264', 'assigned'),
(5754, '10007668', 'assigned'),
(5755, '10043599', 'assigned'),
(5756, '209389', 'assigned'),
(5757, '193425', 'assigned'),
(5758, '782', 'assigned'),
(5759, '63702', 'assigned'),
(5760, '5240039', 'assigned'),
(5761, '3167027', 'assigned'),
(5762, '208891', 'assigned'),
(5763, '193458', 'assigned'),
(5764, '5240107', 'assigned'),
(5765, '198164', 'assigned'),
(5766, '5239944', 'assigned'),
(5767, '8', 'assigned'),
(5768, '675', 'assigned'),
(5769, '83', 'assigned'),
(5770, '12', 'assigned'),
(5771, '2079', 'assigned'),
(5772, '198164', 'assigned'),
(5773, '2069', 'assigned'),
(5774, '2876', 'assigned'),
(5775, '217735', 'assigned'),
(5776, '5239945', 'assigned'),
(5777, '218433', 'assigned'),
(5778, '2726', 'assigned'),
(5779, '5240004', 'assigned'),
(5780, '193249', 'assigned'),
(5781, '5240052', 'assigned'),
(5782, '193457', 'assigned'),
(5783, '10007775', 'assigned'),
(5784, '2170', 'assigned'),
(5785, '6240999', 'assigned'),
(5786, '2569', 'assigned'),
(5787, '3505', 'assigned'),
(5788, '5240213', 'assigned'),
(5789, '5240719', 'assigned'),
(5790, '192467', 'assigned'),
(5791, '208948', 'assigned'),
(5792, '786', 'assigned'),
(5793, '2744', 'assigned'),
(5794, '5240915', 'assigned'),
(5795, '10043913', 'assigned'),
(5796, '208547', 'assigned'),
(5797, '2511', 'assigned'),
(5798, '10099500', 'assigned'),
(5799, '193299', 'assigned'),
(5800, '192023', 'assigned'),
(5801, '10105506', 'assigned'),
(5802, '2068', 'assigned'),
(5803, '5240579', 'assigned'),
(5804, '4306', 'assigned'),
(5805, '4008', 'assigned'),
(5806, '4081', 'assigned'),
(5807, '5240156', 'assigned'),
(5808, '192299', 'assigned'),
(5809, '2575', 'assigned'),
(5810, '63254', 'assigned'),
(5811, '20', 'assigned'),
(5812, '2900', 'assigned'),
(5813, '2373', 'assigned'),
(5814, '10030364', 'assigned'),
(5815, '2566', 'assigned'),
(5816, '2572', 'assigned'),
(5817, '2362', 'assigned'),
(5818, '2896', 'assigned'),
(5819, '2896', 'assigned'),
(5820, '209238', 'assigned'),
(5821, '2824', 'assigned'),
(5822, '2473', 'assigned'),
(5823, '584', 'assigned'),
(5824, '539879', 'assigned'),
(5825, '2582', 'assigned'),
(5826, '2100', 'assigned'),
(5827, '198529', 'assigned'),
(5828, '3952', 'assigned'),
(5829, '65183', 'assigned'),
(5830, '5240294', 'assigned'),
(5831, '65179', 'assigned'),
(5832, '3981', 'assigned'),
(5833, '2311', 'assigned'),
(5834, '2417', 'assigned'),
(5835, '2361', 'assigned'),
(5836, '880758', 'assigned'),
(5837, '2116', 'assigned'),
(5838, '2857', 'assigned'),
(5839, '5239990', 'assigned'),
(5840, '193427', 'assigned'),
(5841, '193403', 'assigned'),
(5842, '2935', 'assigned'),
(5843, '208952', 'assigned'),
(5844, '2730', 'assigned'),
(5845, '5240160', 'assigned'),
(5846, '193384', 'assigned'),
(5847, '2656', 'assigned'),
(5848, '2248', 'assigned'),
(5849, '2510', 'assigned'),
(5850, '2394', 'assigned'),
(5851, '2618', 'assigned'),
(5852, '3992', 'assigned'),
(5853, '193104', 'assigned'),
(5854, '193383', 'assigned'),
(5855, '2679', 'assigned'),
(5856, '2185', 'assigned'),
(5857, '208704', 'assigned'),
(5858, '10044366', 'assigned'),
(5859, '4093', 'assigned'),
(5860, '1904', 'assigned'),
(5861, '2146', 'assigned'),
(5862, '10097481', 'assigned'),
(5863, '75', 'assigned'),
(5864, '10104782', 'assigned'),
(5865, '1669', 'assigned'),
(5866, '208888', 'assigned'),
(5867, '385', 'assigned'),
(5868, '10092069', 'assigned'),
(5869, '2734', 'assigned'),
(5870, '2402', 'assigned'),
(5871, '2608', 'assigned'),
(5872, '2453', 'assigned'),
(5873, '2636', 'assigned'),
(5874, '198355', 'assigned'),
(5875, '3921', 'assigned'),
(5876, '217776', 'assigned'),
(5877, '1797870', 'assigned'),
(5878, '217564', 'assigned'),
(5879, '5240749', 'assigned'),
(5880, '2754', 'assigned'),
(5881, '211575', 'assigned'),
(5882, '217601', 'assigned'),
(5883, '2757', 'assigned'),
(5884, '2198385', 'assigned'),
(5885, '1872754', 'assigned'),
(5886, '197615', 'assigned'),
(5887, '5240717', 'assigned'),
(5888, '2061', 'assigned'),
(5889, '309351', 'assigned'),
(5890, '2954', 'assigned'),
(5891, '2888', 'assigned'),
(5892, '5240712', 'assigned'),
(5893, '208846', 'assigned'),
(5894, '128330', 'assigned'),
(5895, '3987', 'assigned'),
(5896, '198295', 'assigned'),
(5897, '5240927', 'assigned'),
(5898, '2678', 'assigned'),
(5899, '10043670', 'assigned'),
(5900, '2042', 'assigned'),
(5901, '198373', 'assigned'),
(5902, '198517', 'assigned'),
(5903, '300', 'assigned'),
(5904, '5240140', 'assigned'),
(5905, '2755', 'assigned'),
(5906, '10105500', 'assigned'),
(5907, '65174', 'assigned'),
(5908, '5240241', 'assigned'),
(5909, '5240438', 'assigned'),
(5910, '2853', 'assigned'),
(5911, '10105497', 'assigned'),
(5912, '2942', 'assigned'),
(5913, '228411', 'assigned'),
(5914, '98837', 'assigned'),
(5915, '705', 'assigned'),
(5916, '2967', 'assigned'),
(5917, '10007529', 'assigned'),
(5918, '520928', 'assigned'),
(5919, '116493', 'assigned'),
(5920, '2232', 'assigned'),
(5921, '127949', 'assigned'),
(5922, '1797862', 'assigned'),
(5923, '208699', 'assigned'),
(5924, '2226', 'assigned'),
(5925, '2253', 'assigned'),
(5926, '125212', 'assigned'),
(5927, '2936', 'assigned'),
(5928, '2763', 'assigned'),
(5929, '10104777', 'assigned'),
(5930, '10105521', 'assigned'),
(5931, '2931', 'assigned'),
(5932, '5240718', 'assigned'),
(5933, '1797842', 'assigned'),
(5934, '254150', 'assigned'),
(5935, '2945', 'assigned'),
(5936, '198441', 'assigned'),
(5937, '5240970', 'assigned'),
(5938, '1797868', 'assigned'),
(5939, '10105493', 'assigned'),
(5940, '2203', 'assigned'),
(5941, '10105511', 'assigned'),
(5942, '218309', 'assigned'),
(5943, '2017', 'assigned'),
(5944, '65229', 'assigned'),
(5945, '2082', 'assigned'),
(5946, '160', 'assigned'),
(5947, '20438', 'assigned'),
(5948, '2007', 'assigned'),
(5949, '65156', 'assigned'),
(5950, '199026', 'assigned'),
(5951, '197619', 'assigned'),
(5952, '5241015', 'assigned'),
(5953, '2043', 'assigned'),
(5954, '10025382', 'assigned'),
(5955, '2227', 'assigned'),
(5956, '192654', 'assigned'),
(5957, '22271', 'assigned'),
(5958, '560199', 'assigned'),
(5959, '217745', 'assigned'),
(5960, '125251', 'assigned'),
(5961, '2198360', 'assigned'),
(5962, '2063', 'assigned'),
(5963, '197536', 'assigned'),
(5964, '2877', 'assigned'),
(5965, '233', 'assigned'),
(5966, '2056', 'assigned'),
(5967, '1797844', 'assigned'),
(5968, '2899', 'assigned'),
(5969, '5240623', 'assigned'),
(5970, '10104601', 'assigned'),
(5971, '5241044', 'assigned'),
(5972, '2899', 'assigned'),
(5973, '2783', 'assigned'),
(5974, '2764', 'assigned'),
(5975, '724', 'assigned'),
(5976, '1797849', 'assigned'),
(5977, '2941', 'assigned'),
(5978, '2785', 'assigned'),
(5979, '2796', 'assigned'),
(5980, '2413', 'assigned'),
(5981, '218375', 'assigned'),
(5982, '1797195', 'assigned'),
(5983, '270972', 'assigned'),
(5984, '2667', 'assigned'),
(5985, '2988', 'assigned'),
(5986, '2302', 'assigned'),
(5987, '3966', 'assigned'),
(5988, '23349', 'assigned'),
(5989, '3924', 'assigned'),
(5990, '2894', 'assigned'),
(5991, '2470', 'assigned'),
(5992, '2407', 'assigned'),
(5993, '2833', 'assigned'),
(5994, '2433', 'assigned'),
(5995, '2266', 'assigned'),
(5996, '2751', 'assigned'),
(5997, '2112', 'assigned'),
(5998, '3746', 'assigned'),
(5999, '4280', 'assigned'),
(6000, '4418', 'assigned'),
(6001, '2910', 'assigned'),
(6002, '209158', 'assigned'),
(6003, '3077', 'assigned'),
(6004, '208711', 'assigned'),
(6005, '128040', 'assigned'),
(6006, '208932', 'assigned'),
(6007, '192756', 'assigned'),
(6008, '208725', 'assigned'),
(6009, '23327', 'assigned'),
(6010, '192183', 'assigned'),
(6011, '10104401', 'assigned'),
(6012, '23943', 'assigned'),
(6013, '10025400', 'assigned'),
(6014, '24186', 'assigned'),
(6015, '23541', 'assigned'),
(6016, '4003', 'assigned'),
(6017, '23556', 'assigned'),
(6018, '23801', 'assigned'),
(6019, '39467', 'assigned'),
(6020, '192702', 'assigned'),
(6021, '24134', 'assigned'),
(6022, '193368', 'assigned'),
(6023, '23971', 'assigned'),
(6024, '23934', 'assigned'),
(6025, '192776', 'assigned'),
(6026, '23367', 'assigned'),
(6027, '23912', 'assigned'),
(6028, '24182', 'assigned'),
(6029, '4015', 'assigned'),
(6030, '220572', 'assigned'),
(6031, '23552', 'assigned'),
(6032, '3543', 'assigned'),
(6033, '24059', 'assigned'),
(6034, '23535', 'assigned'),
(6035, '3363', 'assigned'),
(6036, '10043748', 'assigned'),
(6037, '192710', 'assigned'),
(6038, '23907', 'assigned'),
(6039, '23508', 'assigned'),
(6040, '23483', 'assigned'),
(6041, '24532', 'assigned'),
(6042, '10025372', 'assigned'),
(6043, '211629', 'assigned'),
(6044, '880501', 'assigned'),
(6045, '3351', 'assigned'),
(6046, '4318', 'assigned'),
(6047, '23811', 'assigned'),
(6048, '192735', 'assigned'),
(6049, '24026', 'assigned'),
(6050, '863892', 'assigned'),
(6051, '24173', 'assigned'),
(6052, '24187', 'assigned'),
(6053, '10043826', 'assigned'),
(6054, '23513', 'assigned'),
(6055, '23976', 'assigned'),
(6056, '192534', 'assigned'),
(6057, '208450', 'assigned'),
(6058, '2396', 'assigned'),
(6059, '24066', 'assigned'),
(6060, '79', 'assigned'),
(6061, '23526', 'assigned'),
(6062, '5240803', 'assigned'),
(6063, '5240833', 'assigned'),
(6064, '23336', 'assigned'),
(6065, '10043823', 'assigned'),
(6066, '23554', 'assigned'),
(6067, '4062', 'assigned'),
(6068, '4022', 'assigned'),
(6069, '192419', 'assigned'),
(6070, '23534', 'assigned'),
(6071, '4048', 'assigned'),
(6072, '315', 'assigned'),
(6073, '192551', 'assigned'),
(6074, '5240840', 'assigned'),
(6075, '910155273', 'assigned'),
(6076, '192504', 'assigned'),
(6077, '91014034', 'assigned'),
(6078, '211577', 'assigned'),
(6079, '563135', 'assigned'),
(6080, '330862', 'assigned'),
(6081, '192751', 'assigned'),
(6082, '262873', 'assigned'),
(6083, '192501', 'assigned'),
(6084, '192652', 'assigned'),
(6085, '208735', 'assigned'),
(6086, '208566', 'assigned'),
(6087, '462', 'assigned'),
(6088, '117', 'assigned'),
(6089, '65898', 'assigned'),
(6090, '276', 'assigned'),
(6091, '205', 'assigned'),
(6092, '910154191', 'assigned'),
(6093, '10037920', 'assigned'),
(6094, '193102', 'assigned'),
(6095, '910153924', 'assigned'),
(6096, '138188', 'assigned'),
(6097, '193247', 'assigned'),
(6098, '910112612', 'assigned'),
(6099, '91045915', 'assigned'),
(6100, '910146603', 'assigned'),
(6101, '192704', 'assigned'),
(6102, '91044933', 'assigned'),
(6103, '91047686', 'assigned'),
(6104, '10030268', 'assigned'),
(6105, '910149062', 'assigned'),
(6106, '192707', 'assigned'),
(6107, '910145139', 'assigned'),
(6108, '208677', 'assigned'),
(6109, '9144092', 'assigned'),
(6110, '910148616', 'assigned'),
(6111, '218297', 'assigned'),
(6112, '291014503', 'assigned'),
(6113, '211617', 'assigned'),
(6114, '910156594', 'assigned'),
(6115, '91048702', 'assigned'),
(6116, '910143235', 'assigned'),
(6117, '197667', 'assigned'),
(6118, '192515', 'assigned'),
(6119, '910145108', 'assigned'),
(6120, '208424', 'assigned'),
(6121, '218001', 'assigned'),
(6122, '193488', 'assigned'),
(6123, '192495', 'assigned'),
(6124, '192453', 'assigned'),
(6125, '193369', 'assigned'),
(6126, '192067', 'assigned'),
(6127, '192110', 'assigned'),
(6128, '10307', 'assigned'),
(6129, '2193492', 'assigned'),
(6130, '192408', 'assigned'),
(6131, '192298', 'assigned'),
(6132, '193382', 'assigned'),
(6133, '181', 'assigned'),
(6134, '5240834', 'assigned'),
(6135, '211579', 'assigned'),
(6136, '211578', 'assigned'),
(6137, '192002', 'assigned'),
(6138, '192417', 'assigned'),
(6139, '208561', 'assigned'),
(6140, '193438', 'assigned'),
(6141, '869905', 'assigned'),
(6142, '209070', 'assigned'),
(6143, '193466', 'assigned'),
(6144, '192227', 'assigned'),
(6145, '65317', 'assigned'),
(6146, '211609', 'assigned'),
(6147, '10049186', 'assigned'),
(6148, '193387', 'assigned'),
(6149, '208737', 'assigned'),
(6150, '40906', 'assigned'),
(6151, '208613', 'assigned'),
(6152, '208583', 'assigned'),
(6153, '192394', 'assigned'),
(6154, '192289', 'assigned'),
(6155, '193378', 'assigned'),
(6156, '208689', 'assigned'),
(6157, '192369', 'assigned'),
(6158, '193465', 'assigned'),
(6159, '208837', 'assigned'),
(6160, '211586', 'assigned'),
(6161, '192489', 'assigned'),
(6162, '192146', 'assigned'),
(6163, '211598', 'assigned'),
(6164, '208662', 'assigned'),
(6165, '192245', 'assigned'),
(6166, '217843', 'assigned'),
(6167, '299', 'assigned'),
(6168, '192425', 'assigned'),
(6169, '208604', 'assigned'),
(6170, '2116443', 'assigned'),
(6171, '211581', 'assigned'),
(6172, '193361', 'assigned'),
(6173, '193367', 'assigned'),
(6174, '10080265', 'assigned'),
(6175, '211582', 'assigned'),
(6176, '192424', 'assigned'),
(6177, '254215', 'assigned'),
(6178, '192240', 'assigned'),
(6179, '193470', 'assigned'),
(6180, '211601', 'assigned'),
(6181, '193493', 'assigned'),
(6182, '990021868', 'assigned'),
(6183, '208573', 'assigned'),
(6184, '193448', 'assigned'),
(6185, '208558', 'assigned'),
(6186, '208621', 'assigned'),
(6187, '267', 'assigned'),
(6188, '193396', 'assigned'),
(6189, '208714', 'assigned'),
(6190, '192444', 'assigned'),
(6191, '193372', 'assigned'),
(6192, '873571', 'assigned'),
(6193, '192012', 'assigned'),
(6194, '192277', 'assigned'),
(6195, '211537', 'assigned'),
(6196, '211587', 'assigned'),
(6197, '208878', 'assigned'),
(6198, '211628', 'assigned'),
(6199, '192285', 'assigned'),
(6200, '208546', 'assigned'),
(6201, '208743', 'assigned'),
(6202, '208619', 'assigned'),
(6203, '192531', 'assigned'),
(6204, '254284', 'assigned'),
(6205, '192672', 'assigned'),
(6206, '193463', 'assigned'),
(6207, '192837', 'assigned'),
(6208, '192665', 'assigned'),
(6209, '192661', 'assigned'),
(6210, '192761', 'assigned'),
(6211, '10080977', 'assigned'),
(6212, '193376', 'assigned'),
(6213, '453', 'assigned'),
(6214, '192853', 'assigned'),
(6215, '192760', 'assigned'),
(6216, '10051933', 'assigned'),
(6217, '192960', 'assigned'),
(6218, '208624', 'assigned'),
(6219, '192766', 'assigned'),
(6220, '92775', 'assigned'),
(6221, '10080976', 'assigned'),
(6222, '192836', 'assigned'),
(6223, '192521', 'assigned'),
(6224, '192717', 'assigned'),
(6225, '192787', 'assigned'),
(6226, '192800', 'assigned'),
(6227, '192714', 'assigned'),
(6228, '193386', 'assigned'),
(6229, '192507', 'assigned'),
(6230, '192514', 'assigned'),
(6231, '192674', 'assigned'),
(6232, '116479', 'assigned'),
(6233, '192734', 'assigned'),
(6234, '192720', 'assigned'),
(6235, '192526', 'assigned'),
(6236, '193440', 'assigned'),
(6237, '192085', 'assigned'),
(6238, '4834720', 'assigned'),
(6239, '192792', 'assigned'),
(6240, '192755', 'assigned'),
(6241, '211545', 'assigned'),
(6242, '192657', 'assigned'),
(6243, '10076491', 'assigned'),
(6244, '192655', 'assigned'),
(6245, '192667', 'assigned'),
(6246, '192724', 'assigned'),
(6247, '192681', 'assigned'),
(6248, '192505', 'assigned'),
(6249, '192586', 'assigned'),
(6250, '192680', 'assigned'),
(6251, '211602', 'assigned'),
(6252, '193282', 'assigned'),
(6253, '193437', 'assigned'),
(6254, '192725', 'assigned'),
(6255, '990080522', 'assigned'),
(6256, '192779', 'assigned'),
(6257, '192731', 'assigned'),
(6258, '193464', 'assigned'),
(6259, '2294', 'assigned'),
(6260, '612', 'assigned'),
(6261, '193055', 'assigned'),
(6262, '266', 'assigned'),
(6263, '2962', 'assigned'),
(6264, '5240784', 'assigned'),
(6265, '208640', 'assigned'),
(6266, '39037', 'assigned'),
(6267, '319938', 'assigned'),
(6268, '2539', 'assigned'),
(6269, '3342', 'assigned'),
(6270, '5239795', 'assigned'),
(6271, '65095', 'assigned'),
(6272, '235724', 'assigned'),
(6273, '235034', 'assigned'),
(6274, '2794', 'assigned'),
(6275, '30477', 'assigned'),
(6276, '2220', 'assigned'),
(6277, '2194350', 'assigned'),
(6278, '208822', 'assigned'),
(6279, '208503', 'assigned'),
(6280, '481', 'assigned'),
(6281, '10104813', 'assigned'),
(6282, '208512', 'assigned'),
(6283, '3157', 'assigned'),
(6284, '304349', 'assigned'),
(6285, '3859', 'assigned'),
(6286, '3353', 'assigned'),
(6287, '3894', 'assigned'),
(6288, '4096', 'assigned'),
(6289, '39699', 'assigned'),
(6290, '192139', 'assigned'),
(6291, '3874', 'assigned'),
(6292, '3555', 'assigned'),
(6293, '4191', 'assigned'),
(6294, '3375', 'assigned'),
(6295, '5240912', 'assigned'),
(6296, '3916', 'assigned'),
(6297, '208616', 'assigned'),
(6298, '4049', 'assigned'),
(6299, '4319', 'assigned'),
(6300, '3512', 'assigned'),
(6301, '3351', 'assigned'),
(6302, '3589', 'assigned'),
(6303, '259', 'assigned'),
(6304, '190', 'assigned'),
(6305, '3947', 'assigned'),
(6306, '10036685', 'assigned'),
(6307, '3474', 'assigned'),
(6308, '3354', 'assigned'),
(6309, '4079', 'assigned'),
(6310, '231297', 'assigned'),
(6311, '10023452', 'assigned'),
(6312, '5240874', 'assigned'),
(6313, '3310', 'assigned'),
(6314, '208890', 'assigned'),
(6315, '3559', 'assigned'),
(6316, '4311', 'assigned'),
(6317, '4061', 'assigned'),
(6318, '208733', 'assigned'),
(6319, '4379', 'assigned'),
(6320, '4052', 'assigned'),
(6321, '192522', 'assigned'),
(6322, '197913', 'assigned'),
(6323, '197724', 'assigned'),
(6324, '198371', 'assigned'),
(6325, '5240164', 'assigned'),
(6326, '505', 'assigned'),
(6327, '198270', 'assigned'),
(6328, '208709', 'assigned'),
(6329, '98010', 'assigned'),
(6330, '197604', 'assigned'),
(6331, '198320', 'assigned'),
(6332, '198261', 'assigned'),
(6333, '197533', 'assigned'),
(6334, '5241109', 'assigned'),
(6335, '198468', 'assigned'),
(6336, '211615', 'assigned'),
(6337, '218196', 'assigned'),
(6338, '5239861', 'assigned'),
(6339, '197840', 'assigned'),
(6340, '240', 'assigned'),
(6341, '198480', 'assigned'),
(6342, '197938', 'assigned'),
(6343, '479', 'assigned'),
(6344, '208549', 'assigned'),
(6345, '218221', 'assigned'),
(6346, '198271', 'assigned'),
(6347, '197935', 'assigned'),
(6348, '198463', 'assigned'),
(6349, '197983', 'assigned'),
(6350, '211588', 'assigned'),
(6351, '198193', 'assigned'),
(6352, '198084', 'assigned'),
(6353, '97954', 'assigned'),
(6354, '198482', 'assigned'),
(6355, '197937', 'assigned'),
(6356, '218178', 'assigned'),
(6357, '197918', 'assigned'),
(6358, '198046', 'assigned'),
(6359, '91052169', 'assigned'),
(6360, '65623', 'assigned'),
(6361, '197946', 'assigned'),
(6362, '197622', 'assigned'),
(6363, '198181', 'assigned'),
(6364, '197593', 'assigned'),
(6365, '198323', 'assigned'),
(6366, '1797985', 'assigned'),
(6367, '197621', 'assigned'),
(6368, '217890', 'assigned'),
(6369, '59773', 'assigned'),
(6370, '865144', 'assigned'),
(6371, '170', 'assigned'),
(6372, '167854', 'assigned'),
(6373, '197565', 'assigned'),
(6374, '198466', 'assigned'),
(6375, '197795', 'assigned'),
(6376, '197601', 'assigned'),
(6377, '197571', 'assigned'),
(6378, '197641', 'assigned'),
(6379, '192164', 'assigned'),
(6380, '197593', 'assigned'),
(6381, '197895', 'assigned'),
(6382, '197870', 'assigned'),
(6383, '211630', 'assigned'),
(6384, '208617', 'assigned'),
(6385, '208525', 'assigned'),
(6386, '218226', 'assigned'),
(6387, '192244', 'assigned'),
(6388, '208854', 'assigned'),
(6389, '217726', 'assigned'),
(6390, '193415', 'assigned'),
(6391, '217658', 'assigned'),
(6392, '10082878', 'assigned'),
(6393, '365203', 'assigned'),
(6394, '192065', 'assigned'),
(6395, '217854', 'assigned'),
(6396, '218368', 'assigned'),
(6397, '658987', 'assigned'),
(6398, '198419', 'assigned'),
(6399, '910150252', 'assigned'),
(6400, '10104590', 'assigned'),
(6401, '146', 'assigned'),
(6402, '65195', 'assigned'),
(6403, '806866', 'assigned'),
(6404, '                                                  ', 'assigned'),
(6405, '910146840', 'assigned'),
(6406, '10037921', 'assigned'),
(6407, '910133521', 'assigned'),
(6408, '91049514', 'assigned'),
(6409, '910141446', 'assigned'),
(6410, '910144176', 'assigned'),
(6411, '197931', 'assigned'),
(6412, '10104735', 'assigned'),
(6413, '10080975', 'assigned'),
(6414, '910133932', 'assigned'),
(6415, '59917', 'assigned'),
(6416, '910156680', 'assigned'),
(6417, '910143217', 'assigned'),
(6418, '91027588', 'assigned'),
(6419, '910153882', 'assigned'),
(6420, '198343', 'assigned'),
(6421, '217556', 'assigned'),
(6422, '910149378', 'assigned'),
(6423, '910132118', 'assigned'),
(6424, '2384426', 'assigned'),
(6425, '197897', 'assigned'),
(6426, '192132', 'assigned'),
(6427, '910144020', 'assigned'),
(6428, '197850', 'assigned'),
(6429, '91045065', 'assigned'),
(6430, '10105235', 'assigned'),
(6431, '208507', 'assigned'),
(6432, '10105112', 'assigned'),
(6433, '10104585', 'assigned'),
(6434, '5240825', 'assigned'),
(6435, '10104583', 'assigned'),
(6436, '10091996', 'assigned'),
(6437, '198505', 'assigned'),
(6438, '193313', 'assigned'),
(6439, '192213', 'assigned'),
(6440, '192472', 'assigned'),
(6441, '867790', 'assigned'),
(6442, '198024', 'assigned'),
(6443, '197713', 'assigned'),
(6444, '197699', 'assigned'),
(6445, '193393', 'assigned'),
(6446, '208739', 'assigned'),
(6447, '218145', 'assigned'),
(6448, '198398', 'assigned'),
(6449, '10104753', 'assigned'),
(6450, '192342', 'assigned'),
(6451, '1', 'assigned'),
(6452, '253443', 'assigned'),
(6453, '198445', 'assigned'),
(6454, '193239', 'assigned'),
(6455, '2268', 'assigned'),
(6456, '39675', 'assigned'),
(6457, '192191', 'assigned'),
(6458, '193261', 'assigned'),
(6459, '193339', 'assigned'),
(6460, '193245', 'assigned'),
(6461, '193306', 'assigned'),
(6462, '193335', 'assigned'),
(6463, '41330', 'assigned'),
(6464, '193288', 'assigned'),
(6465, '218073', 'assigned'),
(6466, '198134', 'assigned'),
(6467, '10105137', 'assigned'),
(6468, '41664', 'assigned'),
(6469, '193238', 'assigned'),
(6470, '192415', 'assigned'),
(6471, '192291', 'assigned'),
(6472, '192446', 'assigned'),
(6473, '192274', 'assigned'),
(6474, '192035', 'assigned'),
(6475, '208629', 'assigned'),
(6476, '208499', 'assigned'),
(6477, '208639', 'assigned'),
(6478, '197567', 'assigned'),
(6479, '198516', 'assigned'),
(6480, '5239854', 'assigned'),
(6481, '5240924', 'assigned'),
(6482, '198455', 'assigned'),
(6483, '218118', 'assigned'),
(6484, '2056366', 'assigned'),
(6485, '192124', 'assigned'),
(6486, '211594', 'assigned'),
(6487, '192150', 'assigned'),
(6488, '192053', 'assigned'),
(6489, '218087', 'assigned'),
(6490, '192125', 'assigned'),
(6491, '192169', 'assigned'),
(6492, '208912', 'assigned'),
(6493, '193380', 'assigned'),
(6494, '193379', 'assigned'),
(6495, '192238', 'assigned'),
(6496, '3475', 'assigned'),
(6497, '192118', 'assigned'),
(6498, '214', 'assigned'),
(6499, '192461', 'assigned'),
(6500, '192026', 'assigned'),
(6501, '866624', 'assigned'),
(6502, '208956', 'assigned'),
(6503, '41490', 'assigned'),
(6504, '218194', 'assigned'),
(6505, '10104853', 'assigned'),
(6506, '192059', 'assigned'),
(6507, '217766', 'assigned'),
(6508, '198254', 'assigned'),
(6509, '217844', 'assigned'),
(6510, '192086', 'assigned'),
(6511, '192050', 'assigned'),
(6512, '192094', 'assigned'),
(6513, '193486', 'assigned'),
(6514, '192330', 'assigned'),
(6515, '192349', 'assigned'),
(6516, '198528', 'assigned'),
(6517, '192188', 'assigned'),
(6518, '5241145', 'assigned'),
(6519, '192243', 'assigned'),
(6520, '47', 'assigned'),
(6521, '193500', 'assigned'),
(6522, '192089', 'assigned'),
(6523, '218314', 'assigned'),
(6524, '197653', 'assigned'),
(6525, '217614', 'assigned'),
(6526, '198490', 'assigned'),
(6527, '217769', 'assigned'),
(6528, '218062', 'assigned'),
(6529, '606', 'assigned'),
(6530, '10105191', 'assigned'),
(6531, '192209', 'assigned'),
(6532, '218231', 'assigned'),
(6533, '217883', 'assigned'),
(6534, '604', 'assigned'),
(6535, '28525', 'assigned'),
(6536, '192457', 'assigned'),
(6537, '414224', 'assigned'),
(6538, '10104578', 'assigned'),
(6539, '593', 'assigned'),
(6540, '873615', 'assigned'),
(6541, '5239870', 'assigned'),
(6542, '882246', 'assigned'),
(6543, '192736', 'assigned'),
(6544, '192178', 'assigned'),
(6545, '192413', 'assigned'),
(6546, '882952', 'assigned'),
(6547, '197082', 'assigned'),
(6548, '192166', 'assigned'),
(6549, '192458', 'assigned'),
(6550, '100', 'assigned'),
(6551, '5240076', 'assigned'),
(6552, '192074', 'assigned'),
(6553, '192024', 'assigned'),
(6554, '371', 'assigned'),
(6555, '10105427', 'assigned'),
(6556, '192477', 'assigned'),
(6557, '228', 'assigned'),
(6558, '2357', 'assigned'),
(6559, '875249', 'assigned'),
(6560, '192391', 'assigned'),
(6561, '198496', 'assigned'),
(6562, '128066', 'assigned'),
(6563, '5240787', 'assigned'),
(6564, '192460', 'assigned'),
(6565, '477', 'assigned'),
(6566, '192155', 'assigned'),
(6567, '208896', 'assigned'),
(6568, '5241150', 'assigned'),
(6569, '192478', 'assigned'),
(6570, '192295', 'assigned'),
(6571, '10201', 'assigned'),
(6572, '192477', 'assigned'),
(6573, '193484', 'assigned'),
(6574, '10098003', 'assigned'),
(6575, '10104527', 'assigned'),
(6576, '282400', 'assigned'),
(6577, '192199', 'assigned'),
(6578, '192104', 'assigned'),
(6579, '192184', 'assigned'),
(6580, '192067', 'assigned'),
(6581, '192159', 'assigned'),
(6582, '1462', 'assigned'),
(6583, '192114', 'assigned'),
(6584, '5240552', 'assigned'),
(6585, '192004', 'assigned'),
(6586, '192055', 'assigned'),
(6587, '10030269', 'assigned'),
(6588, '10023430', 'assigned'),
(6589, '198511', 'assigned'),
(6590, '197910', 'assigned'),
(6591, '198377', 'assigned'),
(6592, '37653', 'assigned'),
(6593, '197919', 'assigned'),
(6594, '440', 'assigned'),
(6595, '211580', 'assigned'),
(6596, '197947', 'assigned'),
(6597, '869845', 'assigned'),
(6598, '211583', 'assigned'),
(6599, '21544', 'assigned'),
(6600, '211604', 'assigned'),
(6601, '211547', 'assigned'),
(6602, '869647', 'assigned'),
(6603, '208833', 'assigned'),
(6604, '254219', 'assigned'),
(6605, '364636', 'assigned'),
(6606, '217867', 'assigned'),
(6607, '208794', 'assigned'),
(6608, '209064', 'assigned'),
(6609, '209069', 'assigned'),
(6610, '209268', 'assigned'),
(6611, '209290', 'assigned'),
(6612, '208426', 'assigned'),
(6613, '208460', 'assigned'),
(6614, '208542', 'assigned'),
(6615, '217686', 'assigned'),
(6616, '208827', 'assigned'),
(6617, '446884', 'assigned'),
(6618, '242614', 'assigned'),
(6619, '751034', 'assigned'),
(6620, '5240345', 'assigned'),
(6621, '208443', 'assigned'),
(6622, '39', 'assigned'),
(6623, '125245', 'assigned'),
(6624, '209011', 'assigned'),
(6625, '871151', 'assigned'),
(6626, '783', 'assigned'),
(6627, '218257', 'assigned'),
(6628, '869468', 'assigned'),
(6629, '208691', 'assigned'),
(6630, '208575', 'assigned'),
(6631, '208683', 'assigned'),
(6632, '208909', 'assigned'),
(6633, '208472', 'assigned'),
(6634, '765586', 'assigned'),
(6635, '192119', 'assigned'),
(6636, '192020', 'assigned'),
(6637, '5240012', 'assigned'),
(6638, '15', 'assigned'),
(6639, '205571', 'assigned'),
(6640, '192865', 'assigned'),
(6641, '910144341', 'assigned'),
(6642, '6063599', 'assigned'),
(6643, '192173', 'assigned'),
(6644, '192272', 'assigned'),
(6645, '910141184', 'assigned'),
(6646, '91046590', 'assigned'),
(6647, '671365', 'assigned'),
(6648, '452', 'assigned'),
(6649, '910154621', 'assigned'),
(6650, '1771639', 'assigned'),
(6651, '910146925', 'assigned'),
(6652, '10105510', 'assigned'),
(6653, '910148546', 'assigned'),
(6654, '87736', 'assigned'),
(6655, '192170', 'assigned'),
(6656, '910138284', 'assigned'),
(6657, '18613', 'assigned'),
(6658, '192286', 'assigned'),
(6659, '10073706', 'assigned'),
(6660, '192211', 'assigned'),
(6661, '910147332', 'assigned'),
(6662, '910133111', 'assigned'),
(6663, '208442', 'assigned'),
(6664, '910150306', 'assigned'),
(6665, '910150648', 'assigned'),
(6666, '15281', 'assigned'),
(6667, '41485', 'assigned'),
(6668, '910145996', 'assigned'),
(6669, '9101442822', 'assigned'),
(6670, '910138366', 'assigned'),
(6671, '910138872', 'assigned'),
(6672, '10086046', 'assigned'),
(6673, '910132790', 'assigned'),
(6674, '353', 'assigned'),
(6675, '910132143', 'assigned'),
(6676, '193491', 'assigned'),
(6677, '192222', 'assigned'),
(6678, '193499', 'assigned'),
(6679, '209281', 'assigned'),
(6680, '192441', 'assigned'),
(6681, '192437', 'assigned'),
(6682, '910147417', 'assigned'),
(6683, '910148212', 'assigned'),
(6684, '91025922', 'assigned'),
(6685, '910144087', 'assigned'),
(6686, '910147286', 'assigned'),
(6687, '192115', 'assigned'),
(6688, '910135418', 'assigned'),
(6689, '910144948', 'assigned'),
(6690, '910150096', 'assigned'),
(6691, '910140700', 'assigned'),
(6692, '910147923', 'assigned'),
(6693, '85', 'assigned'),
(6694, '5240862', 'assigned'),
(6695, '19012', 'assigned'),
(6696, '910137663', 'assigned'),
(6697, '3414', 'assigned'),
(6698, '910147421', 'assigned'),
(6699, '91046707', 'assigned'),
(6700, '910141882', 'assigned'),
(6701, '910140241', 'assigned'),
(6702, '192099', 'assigned'),
(6703, '910150982', 'assigned'),
(6704, '910129916', 'assigned'),
(6705, '910147597', 'assigned'),
(6706, '910133599', 'assigned'),
(6707, '192493', 'assigned'),
(6708, '910150641', 'assigned'),
(6709, '1771945', 'assigned'),
(6710, '910145641', 'assigned'),
(6711, '91014101', 'assigned'),
(6712, '910148813', 'assigned'),
(6713, '910134842', 'assigned'),
(6714, '910143124', 'assigned'),
(6715, '910143348', 'assigned'),
(6716, '330', 'assigned'),
(6717, '63877', 'assigned'),
(6718, '63741', 'assigned'),
(6719, '1890258', 'assigned'),
(6720, '910144130', 'assigned'),
(6721, '91047819', 'assigned'),
(6722, '910147562', 'assigned'),
(6723, '910144858', 'assigned'),
(6724, '910139176', 'assigned'),
(6725, '910126345', 'assigned'),
(6726, '217570', 'assigned'),
(6727, '910137684', 'assigned'),
(6728, '39943', 'assigned'),
(6729, '217545', 'assigned'),
(6730, '197955', 'assigned'),
(6731, '910146680', 'assigned'),
(6732, '217501', 'assigned'),
(6733, '910145721', 'assigned'),
(6734, '192153', 'assigned'),
(6735, '5240845', 'assigned'),
(6736, '192189', 'assigned'),
(6737, '910454924', 'assigned'),
(6738, '910139437', 'assigned'),
(6739, '304', 'assigned'),
(6740, '331', 'assigned'),
(6741, '192100', 'assigned'),
(6742, '193331', 'assigned'),
(6743, '177096', 'assigned'),
(6744, '192197', 'assigned'),
(6745, '910137980', 'assigned'),
(6746, '192362', 'assigned'),
(6747, '910139219', 'assigned'),
(6748, '910146431', 'assigned'),
(6749, '868742', 'assigned'),
(6750, '910126961', 'assigned'),
(6751, '192287', 'assigned'),
(6752, '2383497', 'assigned'),
(6753, '910143681', 'assigned'),
(6754, '869760', 'assigned'),
(6755, '910117450', 'assigned'),
(6756, '10105492', 'assigned'),
(6757, '910139859', 'assigned'),
(6758, '1770028', 'assigned'),
(6759, '5240539', 'assigned'),
(6760, '5240078', 'assigned'),
(6761, '910149885', 'assigned'),
(6762, '910130593', 'assigned'),
(6763, '91015404', 'assigned'),
(6764, '910135313', 'assigned'),
(6765, '910139142', 'assigned'),
(6766, '910135956', 'assigned'),
(6767, '910145304', 'assigned'),
(6768, '910146619', 'assigned'),
(6769, '1890191', 'assigned'),
(6770, '1890701', 'assigned'),
(6771, '910147319', 'assigned'),
(6772, '910143410', 'assigned'),
(6773, '198325', 'assigned'),
(6774, '192017', 'assigned'),
(6775, '192100', 'assigned'),
(6776, '197799', 'assigned'),
(6777, '5241039', 'assigned'),
(6778, '92433', 'assigned'),
(6779, '2192320', 'assigned'),
(6780, '197820', 'assigned'),
(6781, '180819', 'assigned'),
(6782, '199652', 'assigned'),
(6783, '198461', 'assigned'),
(6784, '198058', 'assigned'),
(6785, '198116', 'assigned'),
(6786, '198318', 'assigned'),
(6787, '198328', 'assigned'),
(6788, '208494', 'assigned'),
(6789, '10147982', 'assigned'),
(6790, '192842', 'assigned'),
(6791, '192816', 'assigned'),
(6792, '192528', 'assigned'),
(6793, '192936', 'assigned'),
(6794, '192612', 'assigned'),
(6795, '192653', 'assigned'),
(6796, '192673', 'assigned'),
(6797, '192614', 'assigned'),
(6798, '192757', 'assigned'),
(6799, '192529', 'assigned'),
(6800, '218197', 'assigned'),
(6801, '192582', 'assigned'),
(6802, '192869', 'assigned'),
(6803, '192685', 'assigned'),
(6804, '218236', 'assigned'),
(6805, '192832', 'assigned'),
(6806, '192676', 'assigned'),
(6807, '192902', 'assigned'),
(6808, '192465', 'assigned'),
(6809, '218245', 'assigned'),
(6810, '192780', 'assigned'),
(6811, '192596', 'assigned'),
(6812, '192120', 'assigned'),
(6813, '745', 'assigned'),
(6814, '192917', 'assigned'),
(6815, '349', 'assigned'),
(6816, '616', 'assigned'),
(6817, '192954', 'assigned'),
(6818, '192826', 'assigned'),
(6819, '192275', 'assigned'),
(6820, '192496', 'assigned'),
(6821, '209219', 'assigned'),
(6822, '193065', 'assigned'),
(6823, '208748', 'assigned'),
(6824, '192311', 'assigned'),
(6825, '193483', 'assigned'),
(6826, '192389', 'assigned'),
(6827, '193213', 'assigned'),
(6828, '193498', 'assigned'),
(6829, '208828', 'assigned'),
(6830, '871211', 'assigned'),
(6831, '910148155', 'assigned'),
(6832, '910140739', 'assigned'),
(6833, '5241828', 'assigned'),
(6834, '10092092', 'assigned'),
(6835, '5239918', 'assigned'),
(6836, '910105563', 'assigned'),
(6837, '910139077', 'assigned'),
(6838, '910150795', 'assigned'),
(6839, '910141290', 'assigned'),
(6840, '10092096', 'assigned'),
(6841, '192303', 'assigned'),
(6842, '910145127', 'assigned'),
(6843, '910136935', 'assigned'),
(6844, '910149384', 'assigned'),
(6845, '197911', 'assigned'),
(6846, '192360', 'assigned'),
(6847, '910134854', 'assigned'),
(6848, '910154777', 'assigned'),
(6849, '910139669', 'assigned'),
(6850, '910148357', 'assigned'),
(6851, '91013386', 'assigned'),
(6852, '10105179', 'assigned'),
(6853, '910144957', 'assigned'),
(6854, '910146656', 'assigned'),
(6855, '1771270', 'assigned'),
(6856, '1891820', 'assigned'),
(6857, '10079082', 'assigned'),
(6858, '910148047', 'assigned'),
(6859, '1771128', 'assigned'),
(6860, '1771127', 'assigned'),
(6861, '910141725', 'assigned'),
(6862, '910145066', 'assigned'),
(6863, '910143105', 'assigned'),
(6864, '910145965', 'assigned'),
(6865, '1890571', 'assigned'),
(6866, '910149602', 'assigned'),
(6867, '910154707', 'assigned'),
(6868, '910132717', 'assigned'),
(6869, '858180', 'assigned'),
(6870, '910134506', 'assigned'),
(6871, '910135811', 'assigned'),
(6872, '910150637', 'assigned'),
(6873, '910144884', 'assigned'),
(6874, '910138577', 'assigned'),
(6875, '198319', 'assigned'),
(6876, '1770144', 'assigned'),
(6877, '198501', 'assigned'),
(6878, '910144452', 'assigned'),
(6879, '910145381', 'assigned'),
(6880, '1771737', 'assigned'),
(6881, '910140606', 'assigned'),
(6882, '910132586', 'assigned'),
(6883, '10091624', 'assigned'),
(6884, '1771015', 'assigned'),
(6885, '910154072', 'assigned'),
(6886, '910141690', 'assigned'),
(6887, '197673', 'assigned'),
(6888, '910123894', 'assigned'),
(6889, '910148243', 'assigned'),
(6890, '910137166', 'assigned'),
(6891, '910145918', 'assigned'),
(6892, '1771718', 'assigned'),
(6893, '910148755', 'assigned'),
(6894, '910149638', 'assigned'),
(6895, '910150145', 'assigned'),
(6896, '910141835', 'assigned'),
(6897, '910126205', 'assigned'),
(6898, '910150221', 'assigned'),
(6899, '1770966', 'assigned'),
(6900, '910148274', 'assigned'),
(6901, '1770205', 'assigned'),
(6902, '910141238', 'assigned'),
(6903, '910139308', 'assigned'),
(6904, '1771979', 'assigned'),
(6905, '5239931', 'assigned'),
(6906, '192212', 'assigned'),
(6907, '208643', 'assigned'),
(6908, '910145729', 'assigned'),
(6909, '208521', 'assigned'),
(6910, '1771753', 'assigned'),
(6911, '910155079', 'assigned'),
(6912, '910143076', 'assigned'),
(6913, '192491', 'assigned'),
(6914, '910150633', 'assigned'),
(6915, '1770101', 'assigned'),
(6916, '910138220', 'assigned'),
(6917, '910141440', 'assigned'),
(6918, '910153243', 'assigned'),
(6919, '910146487', 'assigned'),
(6920, '910149041', 'assigned'),
(6921, '910144383', 'assigned'),
(6922, '910140842', 'assigned'),
(6923, '910120791', 'assigned'),
(6924, '355', 'assigned'),
(6925, '910145828', 'assigned'),
(6926, '910141440', 'assigned'),
(6927, '910149492', 'assigned'),
(6928, '208648', 'assigned'),
(6929, '1771158', 'assigned'),
(6930, '910135862', 'assigned'),
(6931, '1770126', 'assigned'),
(6932, '192101', 'assigned'),
(6933, '3458', 'assigned'),
(6934, '910145861', 'assigned'),
(6935, '910141590', 'assigned'),
(6936, '218415', 'assigned'),
(6937, '910141234', 'assigned'),
(6938, '209131', 'assigned'),
(6939, '910124675', 'assigned'),
(6940, '192301', 'assigned'),
(6941, '910137423', 'assigned'),
(6942, '192335', 'assigned'),
(6943, '910131365', 'assigned'),
(6944, '910138726', 'assigned'),
(6945, '910148308', 'assigned'),
(6946, '910148386', 'assigned'),
(6947, '910148915', 'assigned'),
(6948, '9101502332', 'assigned'),
(6949, '91014333', 'assigned'),
(6950, '910150411', 'assigned'),
(6951, '193496', 'assigned'),
(6952, '910153652', 'assigned'),
(6953, '5240454', 'assigned'),
(6954, '291050443', 'assigned'),
(6955, '910140452', 'assigned'),
(6956, '5240036', 'assigned'),
(6957, '192204', 'assigned'),
(6958, '192806', 'assigned'),
(6959, '1770912', 'assigned'),
(6960, '910140132', 'assigned'),
(6961, '192834', 'assigned'),
(6962, '210141287', 'assigned'),
(6963, '910122506', 'assigned'),
(6964, '910148314', 'assigned'),
(6965, '910145142', 'assigned'),
(6966, '391', 'assigned'),
(6967, '910154704', 'assigned'),
(6968, '910141895', 'assigned'),
(6969, '910149006', 'assigned'),
(6970, '10048318', 'assigned'),
(6971, '910139987', 'assigned'),
(6972, '208770', 'assigned'),
(6973, '10054825', 'assigned'),
(6974, '10076262', 'assigned'),
(6975, '910148362', 'assigned'),
(6976, '910143252', 'assigned'),
(6977, '910148786', 'assigned'),
(6978, '910135810', 'assigned'),
(6979, '910132010', 'assigned'),
(6980, '910148866', 'assigned'),
(6981, '10133516', 'assigned'),
(6982, '1890635', 'assigned'),
(6983, '910152943', 'assigned'),
(6984, '910138815', 'assigned'),
(6985, '197597', 'assigned'),
(6986, '197962', 'assigned'),
(6987, '198409', 'assigned'),
(6988, '197590', 'assigned'),
(6989, '198392', 'assigned'),
(6990, '198968', 'assigned'),
(6991, '197830', 'assigned'),
(6992, '198415', 'assigned'),
(6993, '198335', 'assigned'),
(6994, '197724', 'assigned'),
(6995, '197607', 'assigned'),
(6996, '198380', 'assigned'),
(6997, '19767', 'assigned'),
(6998, '198053', 'assigned'),
(6999, '197553', 'assigned'),
(7000, '910134657', 'assigned'),
(7001, '91036077', 'assigned'),
(7002, '91032321', 'assigned'),
(7003, '910135477', 'assigned'),
(7004, '910147240', 'assigned'),
(7005, '910141912', 'assigned'),
(7006, '910132846', 'assigned'),
(7007, '910146955', 'assigned'),
(7008, '910143486', 'assigned'),
(7009, '910156242', 'assigned'),
(7010, '910150231', 'assigned'),
(7011, '910140678', 'assigned'),
(7012, '910144409', 'assigned'),
(7013, '910142416', 'assigned'),
(7014, '910141735', 'assigned'),
(7015, '284299', 'assigned'),
(7016, '910156731', 'assigned'),
(7017, '910140516', 'assigned'),
(7018, '910155167', 'assigned'),
(7019, '208622', 'assigned'),
(7020, '1384', 'assigned'),
(7021, '3215', 'assigned'),
(7022, '610', 'assigned'),
(7023, '4265', 'assigned'),
(7024, '10104998', 'assigned'),
(7025, '208510', 'assigned'),
(7026, '198227', 'assigned'),
(7027, '197751', 'assigned'),
(7028, '197639', 'assigned'),
(7029, '192481', 'assigned'),
(7030, '192314', 'assigned'),
(7031, '5240828', 'assigned'),
(7032, '197779', 'assigned'),
(7033, '218428', 'assigned'),
(7034, '193494', 'assigned'),
(7035, '198023', 'assigned'),
(7036, '198071', 'assigned'),
(7037, '198218', 'assigned'),
(7038, '198258', 'assigned'),
(7039, '192395', 'assigned'),
(7040, '211550', 'assigned'),
(7041, '192224', 'assigned'),
(7042, '197823', 'assigned'),
(7043, '198297', 'assigned'),
(7044, '197761', 'assigned'),
(7045, '223439', 'assigned'),
(7046, '198231', 'assigned'),
(7047, '192377', 'assigned'),
(7048, '197798', 'assigned'),
(7049, '198382', 'assigned'),
(7050, '197672', 'assigned'),
(7051, '197608', 'assigned'),
(7052, '198011', 'assigned'),
(7053, '198423', 'assigned'),
(7054, '192485', 'assigned'),
(7055, '193163', 'assigned'),
(7056, '197828', 'assigned'),
(7057, '198086', 'assigned'),
(7058, '197975', 'assigned'),
(7059, '197815', 'assigned'),
(7060, '193162', 'assigned'),
(7061, '192034', 'assigned'),
(7062, '192117', 'assigned'),
(7063, '1797433', 'assigned'),
(7064, '197993', 'assigned'),
(7065, '197952', 'assigned'),
(7066, '197887', 'assigned'),
(7067, '199345', 'assigned'),
(7068, '197116', 'assigned'),
(7069, '198172', 'assigned'),
(7070, '238367', 'assigned'),
(7071, '198418', 'assigned'),
(7072, '84', 'assigned'),
(7073, '991', 'assigned'),
(7074, '197819', 'assigned'),
(7075, '198259', 'assigned'),
(7076, '197662', 'assigned'),
(7077, '197960', 'assigned'),
(7078, '197862', 'assigned'),
(7079, '731629', 'assigned'),
(7080, '198059', 'assigned'),
(7081, '104', 'assigned'),
(7082, '272', 'assigned'),
(7083, '208792', 'assigned'),
(7084, '208646', 'assigned'),
(7085, '208947', 'assigned'),
(7086, '208458', 'assigned'),
(7087, '218105', 'assigned'),
(7088, '208522', 'assigned'),
(7089, '218398', 'assigned'),
(7090, '208864', 'assigned'),
(7091, '209309', 'assigned'),
(7092, '209375', 'assigned'),
(7093, '209226', 'assigned'),
(7094, '6822', 'assigned'),
(7095, '208786', 'assigned'),
(7096, '208481', 'assigned'),
(7097, '218279', 'assigned'),
(7098, '208903', 'assigned'),
(7099, '208554', 'assigned'),
(7100, '386', 'assigned'),
(7101, '209181', 'assigned'),
(7102, '65314', 'assigned'),
(7103, '260296', 'assigned'),
(7104, '208831', 'assigned'),
(7105, '20879', 'assigned'),
(7106, '208448', 'assigned'),
(7107, '209275', 'assigned'),
(7108, '208518', 'assigned'),
(7109, '209089', 'assigned'),
(7110, '209224', 'assigned'),
(7111, '208934', 'assigned'),
(7112, '209230', 'assigned'),
(7113, '65052', 'assigned'),
(7114, '65054', 'assigned'),
(7115, '65161', 'assigned'),
(7116, '65111', 'assigned'),
(7117, '208942', 'assigned'),
(7118, '208756', 'assigned'),
(7119, '208760', 'assigned'),
(7120, '208826', 'assigned'),
(7121, '209096', 'assigned'),
(7122, '209229', 'assigned'),
(7123, '209257', 'assigned'),
(7124, '208880', 'assigned'),
(7125, '209314', 'assigned'),
(7126, '208746', 'assigned'),
(7127, '209320', 'assigned'),
(7128, '208850', 'assigned'),
(7129, '4053', 'assigned'),
(7130, '209294', 'assigned'),
(7131, '209189', 'assigned'),
(7132, '209310', 'assigned'),
(7133, '208954', 'assigned'),
(7134, '209118', 'assigned'),
(7135, '209058', 'assigned'),
(7136, '208825', 'assigned'),
(7137, '208813', 'assigned'),
(7138, '208862', 'assigned'),
(7139, '208781', 'assigned'),
(7140, '209101', 'assigned'),
(7141, '208938', 'assigned'),
(7142, '208815', 'assigned'),
(7143, '208999', 'assigned'),
(7144, '208950', 'assigned'),
(7145, '209177', 'assigned'),
(7146, '209056', 'assigned'),
(7147, '209062', 'assigned'),
(7148, '209083', 'assigned'),
(7149, '209081', 'assigned'),
(7150, '209068', 'assigned'),
(7151, '39780', 'assigned'),
(7152, '192179', 'assigned'),
(7153, '193326', 'assigned'),
(7154, '192252', 'assigned'),
(7155, '193228', 'assigned'),
(7156, '192144', 'assigned'),
(7157, '192402', 'assigned'),
(7158, '209227', 'assigned'),
(7159, '193232', 'assigned'),
(7160, '192147', 'assigned'),
(7161, '765898', 'assigned'),
(7162, '193286', 'assigned'),
(7163, '4288', 'assigned'),
(7164, '192469', 'assigned'),
(7165, '10030266', 'assigned'),
(7166, '192171', 'assigned'),
(7167, '192283', 'assigned'),
(7168, '193329', 'assigned'),
(7169, '192180', 'assigned'),
(7170, '193462', 'assigned'),
(7171, '65048', 'assigned'),
(7172, '192165', 'assigned'),
(7173, '193359', 'assigned'),
(7174, '192077', 'assigned'),
(7175, '218361', 'assigned'),
(7176, '193229', 'assigned'),
(7177, '838779', 'assigned'),
(7178, '193078', 'assigned'),
(7179, '193172', 'assigned'),
(7180, '192356', 'assigned'),
(7181, '192082', 'assigned'),
(7182, '192359', 'assigned'),
(7183, '192480', 'assigned'),
(7184, '10104733', 'assigned'),
(7185, '10104758', 'assigned'),
(7186, '192271', 'assigned'),
(7187, '39521', 'assigned'),
(7188, '192009', 'assigned'),
(7189, '167812', 'assigned'),
(7190, '192205', 'assigned'),
(7191, '193199', 'assigned'),
(7192, '592', 'assigned'),
(7193, '192126', 'assigned'),
(7194, '193343', 'assigned'),
(7195, '192385', 'assigned'),
(7196, '44188', 'assigned'),
(7197, '5240042', 'assigned'),
(7198, '5349130', 'assigned'),
(7199, '5240045', 'assigned'),
(7200, '192228', 'assigned'),
(7201, '192219', 'assigned'),
(7202, '284', 'assigned'),
(7203, '192030', 'assigned'),
(7204, '193279', 'assigned'),
(7205, '193244', 'assigned'),
(7206, '208588', 'assigned'),
(7207, '167927', 'assigned'),
(7208, '167924', 'assigned'),
(7209, '208444', 'assigned'),
(7210, '777', 'assigned'),
(7211, '167868', 'assigned'),
(7212, '10104731', 'assigned'),
(7213, '10104755', 'assigned'),
(7214, '59', 'assigned'),
(7215, '660', 'assigned'),
(7216, '139', 'assigned'),
(7217, '162', 'assigned'),
(7218, '193410', 'assigned'),
(7219, '217527', 'assigned'),
(7220, '192374', 'assigned'),
(7221, '192056', 'assigned'),
(7222, '217740', 'assigned'),
(7223, '208559', 'assigned'),
(7224, '5240407', 'assigned'),
(7225, '5240877', 'assigned'),
(7226, '193455', 'assigned'),
(7227, '41072', 'assigned'),
(7228, '5240407', 'assigned'),
(7229, '10104756', 'assigned'),
(7230, '276493', 'assigned'),
(7231, '10002784', 'assigned'),
(7232, '193416', 'assigned'),
(7233, '41171', 'assigned'),
(7234, '193406', 'assigned'),
(7235, '10087944', 'assigned'),
(7236, '10025377', 'assigned'),
(7237, '197964', 'assigned'),
(7238, '217842', 'assigned'),
(7239, '192033', 'assigned'),
(7240, '19438', 'assigned'),
(7241, '192499', 'assigned'),
(7242, '5350034', 'assigned'),
(7243, '208886', 'assigned'),
(7244, '5378838', 'assigned'),
(7245, '218252', 'assigned'),
(7246, '208681', 'assigned'),
(7247, '3404', 'assigned'),
(7248, '10104610', 'assigned'),
(7249, '193358', 'assigned'),
(7250, '193175', 'assigned'),
(7251, '193377', 'assigned'),
(7252, '217696', 'assigned'),
(7253, '708', 'assigned'),
(7254, '68991', 'assigned'),
(7255, '864602', 'assigned'),
(7256, '193328', 'assigned'),
(7257, '425', 'assigned'),
(7258, '198031', 'assigned'),
(7259, '65252', 'assigned'),
(7260, '193196', 'assigned'),
(7261, '10104617', 'assigned'),
(7262, '5240329', 'assigned');
INSERT INTO `meters_old` (`meter_id`, `meter_no`, `status`) VALUES
(7263, '5240323', 'assigned'),
(7264, '10012842', 'assigned'),
(7265, '2958303', 'assigned'),
(7266, '193402', 'assigned'),
(7267, '1797337', 'assigned'),
(7268, '208605', 'assigned'),
(7269, '41707', 'assigned'),
(7270, '39615', 'assigned'),
(7271, '198187', 'assigned'),
(7272, '98111', 'assigned'),
(7273, '                                                  ', 'assigned'),
(7274, '198433', 'assigned'),
(7275, '409', 'assigned'),
(7276, '65083', 'assigned'),
(7277, '193407', 'assigned'),
(7278, '254289', 'assigned'),
(7279, '193344', 'assigned'),
(7280, '192454', 'assigned'),
(7281, '266', 'assigned'),
(7282, '217688', 'assigned'),
(7283, '198207', 'assigned'),
(7284, '5239856', 'assigned'),
(7285, '10025361', 'assigned'),
(7286, '5240994', 'assigned'),
(7287, '10104732', 'assigned'),
(7288, '10104851', 'assigned'),
(7289, '193340', 'assigned'),
(7290, '746', 'assigned'),
(7291, '217879', 'assigned'),
(7292, '192247', 'assigned'),
(7293, '192346', 'assigned'),
(7294, '10104609', 'assigned'),
(7295, '10104584', 'assigned'),
(7296, '10105690', 'assigned'),
(7297, '193404', 'assigned'),
(7298, '198513', 'assigned'),
(7299, '6280935', 'assigned'),
(7300, '769881', 'assigned'),
(7301, '167857', 'assigned'),
(7302, '3329580', 'assigned'),
(7303, '198451', 'assigned'),
(7304, '217703', 'assigned'),
(7305, '208838', 'assigned'),
(7306, '20902', 'assigned'),
(7307, '203', 'assigned'),
(7308, '798916', 'assigned'),
(7309, '4927747', 'assigned'),
(7310, '95737', 'assigned'),
(7311, '5349654', 'assigned'),
(7312, '39457', 'assigned'),
(7313, '24428', 'assigned'),
(7314, '208837', 'assigned'),
(7315, '217752', 'assigned'),
(7316, '541354', 'assigned'),
(7317, '197737', 'assigned'),
(7318, '39969', 'assigned'),
(7319, '710583', 'assigned'),
(7320, '24655', 'assigned'),
(7321, '668914', 'assigned'),
(7322, '336', 'assigned'),
(7323, '63974', 'assigned'),
(7324, '4927513', 'assigned'),
(7325, '167873', 'assigned'),
(7326, '5368061', 'assigned'),
(7327, '10037040', 'assigned'),
(7328, '10104740', 'assigned'),
(7329, '192373', 'assigned'),
(7330, '880547', 'assigned'),
(7331, '198226', 'assigned'),
(7332, '873764', 'assigned'),
(7333, '865129', 'assigned'),
(7334, '1389', 'assigned'),
(7335, '192105', 'assigned'),
(7336, '192404', 'assigned'),
(7337, '192102', 'assigned'),
(7338, '79198', 'assigned'),
(7339, '57739', 'assigned'),
(7340, '963087', 'assigned'),
(7341, '89921', 'assigned'),
(7342, '192309', 'assigned'),
(7343, '276200', 'assigned'),
(7344, '198066', 'assigned'),
(7345, '198076', 'assigned'),
(7346, '198296', 'assigned'),
(7347, '218177', 'assigned'),
(7348, '193429', 'assigned'),
(7349, '10081285', 'assigned'),
(7350, '192380', 'assigned'),
(7351, '5241139', 'assigned'),
(7352, '5240106', 'assigned'),
(7353, '217748', 'assigned'),
(7354, '5240324', 'assigned'),
(7355, '193459', 'assigned'),
(7356, '10105129', 'assigned'),
(7357, '10105118', 'assigned'),
(7358, '260111', 'assigned'),
(7359, '193444', 'assigned'),
(7360, '29785', 'assigned'),
(7361, '10035623', 'assigned'),
(7362, '10086118', 'assigned'),
(7363, '10060627', 'assigned'),
(7364, '10086111', 'assigned'),
(7365, '10104751', 'assigned'),
(7366, '192092', 'assigned'),
(7367, '102915', 'assigned'),
(7368, '125', 'assigned'),
(7369, '10023483', 'assigned'),
(7370, '10029504', 'assigned'),
(7371, '87581', 'assigned'),
(7372, '198491', 'assigned'),
(7373, '193423', 'assigned'),
(7374, '10104741', 'assigned'),
(7375, '192290', 'assigned'),
(7376, '192162', 'assigned'),
(7377, '199326', 'assigned'),
(7378, '192221', 'assigned'),
(7379, '318', 'assigned'),
(7380, '261836', 'assigned'),
(7381, '208971', 'assigned'),
(7382, '211596', 'assigned'),
(7383, '128284', 'assigned'),
(7384, '208901', 'assigned'),
(7385, '10007092', 'assigned'),
(7386, '218334', 'assigned'),
(7387, '10104474', 'assigned'),
(7388, '10104475', 'assigned'),
(7389, '649', 'assigned'),
(7390, '218', 'assigned'),
(7391, '238624', 'assigned'),
(7392, '487', 'assigned'),
(7393, '4496', 'assigned'),
(7394, '10025992', 'assigned'),
(7395, '209254', 'assigned'),
(7396, '838501', 'assigned'),
(7397, '41113', 'assigned'),
(7398, '192341', 'assigned'),
(7399, '209207', 'assigned'),
(7400, '19550', 'assigned'),
(7401, '24744', 'assigned'),
(7402, '5348500', 'assigned'),
(7403, '410784', 'assigned'),
(7404, '217557', 'assigned'),
(7405, '192344', 'assigned'),
(7406, '193450', 'assigned'),
(7407, '193439', 'assigned'),
(7408, '2092588', 'assigned'),
(7409, '208706', 'assigned'),
(7410, '41936', 'assigned'),
(7411, '232555', 'assigned'),
(7412, '2370816', 'assigned'),
(7413, '10104952', 'assigned'),
(7414, '218016', 'assigned'),
(7415, '261', 'assigned'),
(7416, '192158', 'assigned'),
(7417, '                                                  ', 'assigned'),
(7418, '192143', 'assigned'),
(7419, '193456', 'assigned'),
(7420, '208489', 'assigned'),
(7421, '880547', 'assigned'),
(7422, '4891985', 'assigned'),
(7423, '192237', 'assigned'),
(7424, '193193', 'assigned'),
(7425, '192058', 'assigned'),
(7426, '193197', 'assigned'),
(7427, '217676', 'assigned'),
(7428, '193401', 'assigned'),
(7429, '208873', 'assigned'),
(7430, '880952', 'assigned'),
(7431, '188496', 'assigned'),
(7432, '192452', 'assigned'),
(7433, '496', 'assigned'),
(7434, '192014', 'assigned'),
(7435, '192357', 'assigned'),
(7436, '192343', 'assigned'),
(7437, '193394', 'assigned'),
(7438, '63010', 'assigned'),
(7439, '193349', 'assigned'),
(7440, '192474', 'assigned'),
(7441, '192338', 'assigned'),
(7442, '192061', 'assigned'),
(7443, '488', 'assigned'),
(7444, '1192626', 'assigned'),
(7445, '1192321', 'assigned'),
(7446, '571', 'assigned'),
(7447, '65347', 'assigned'),
(7448, '167860', 'assigned'),
(7449, '192230', 'assigned'),
(7450, '218086', 'assigned'),
(7451, '192422', 'assigned'),
(7452, '193436', 'assigned'),
(7453, '192416', 'assigned'),
(7454, '5239869', 'assigned'),
(7455, '193469', 'assigned'),
(7456, '193375', 'assigned'),
(7457, '193443', 'assigned'),
(7458, '217775', 'assigned'),
(7459, '5239992', 'assigned'),
(7460, '192048', 'assigned'),
(7461, '192420', 'assigned'),
(7462, '192106', 'assigned'),
(7463, '122737', 'assigned'),
(7464, '192464', 'assigned'),
(7465, '192032', 'assigned'),
(7466, '193278', 'assigned'),
(7467, '5239865', 'assigned'),
(7468, '192006', 'assigned'),
(7469, '192379', 'assigned'),
(7470, '342', 'assigned'),
(7471, '668906', 'assigned'),
(7472, '10080970', 'assigned'),
(7473, '865147', 'assigned'),
(7474, '192390', 'assigned'),
(7475, '217858', 'assigned'),
(7476, '334629', 'assigned'),
(7477, '10025389', 'assigned'),
(7478, '10007069', 'assigned'),
(7479, '10037918', 'assigned'),
(7480, '6483', 'assigned'),
(7481, '871092', 'assigned'),
(7482, '39890', 'assigned'),
(7483, '13957', 'assigned'),
(7484, '5240321', 'assigned'),
(7485, '5240322', 'assigned'),
(7486, '5240326', 'assigned'),
(7487, '13789', 'assigned'),
(7488, '10512', 'assigned'),
(7489, '4927526', 'assigned'),
(7490, '197949', 'assigned'),
(7491, '25565', 'assigned'),
(7492, '2502245', 'assigned'),
(7493, '10043672', 'assigned'),
(7494, '10474', 'assigned'),
(7495, '10105188', 'assigned'),
(7496, '5240604', 'assigned'),
(7497, '10043792', 'assigned'),
(7498, '10043729', 'assigned'),
(7499, '10030265', 'assigned'),
(7500, '873605', 'assigned'),
(7501, '5241079', 'assigned'),
(7502, '41162', 'assigned'),
(7503, '5240020', 'assigned'),
(7504, '39375', 'assigned'),
(7505, '5241148', 'assigned'),
(7506, '5241091', 'assigned'),
(7507, '211625', 'assigned'),
(7508, '530', 'assigned'),
(7509, '313', 'assigned'),
(7510, '671377', 'assigned'),
(7511, '792', 'assigned'),
(7512, '770', 'assigned'),
(7513, '39751', 'assigned'),
(7514, '239310', 'assigned'),
(7515, '27795', 'assigned'),
(7516, '197918', 'assigned'),
(7517, '38253', 'assigned'),
(7518, '153872', 'assigned'),
(7519, '73576', 'assigned'),
(7520, '10026049', 'assigned'),
(7521, '10025365', 'assigned'),
(7522, '167941', 'assigned'),
(7523, '73765', 'assigned'),
(7524, '5355416', 'assigned'),
(7525, '248617', 'assigned'),
(7526, '10104754', 'assigned'),
(7527, '957860', 'assigned'),
(7528, '12334', 'assigned'),
(7529, '10025338', 'assigned'),
(7530, '5240163', 'assigned'),
(7531, '5241131', 'assigned'),
(7532, '5241071', 'assigned'),
(7533, '167858', 'assigned'),
(7534, '5240678', 'assigned'),
(7535, '97863', 'assigned'),
(7536, '10866', 'assigned'),
(7537, '379995', 'assigned'),
(7538, '211548', 'assigned'),
(7539, '208776', 'assigned'),
(7540, '334309', 'assigned'),
(7541, '567753', 'assigned'),
(7542, '211606', 'assigned'),
(7543, '211551', 'assigned'),
(7544, '217885', 'assigned'),
(7545, '208652', 'assigned'),
(7546, '209273', 'assigned'),
(7547, '125177', 'assigned'),
(7548, '65260', 'assigned'),
(7549, '209061', 'assigned'),
(7550, '19429', 'assigned'),
(7551, '2217607', 'assigned'),
(7552, '208454', 'assigned'),
(7553, '19125', 'assigned'),
(7554, '209135', 'assigned'),
(7555, '217815', 'assigned'),
(7556, '211567', 'assigned'),
(7557, '198174', 'assigned'),
(7558, '840694', 'assigned'),
(7559, '10104757', 'assigned'),
(7560, '152314', 'assigned'),
(7561, '198252', 'assigned'),
(7562, '10025321', 'assigned'),
(7563, '197977', 'assigned'),
(7564, '197993', 'assigned'),
(7565, '198260', 'assigned'),
(7566, '1', 'assigned'),
(7567, '198099', 'assigned'),
(7568, '158507', 'assigned'),
(7569, '197555', 'assigned'),
(7570, '198311', 'assigned'),
(7571, '10104739', 'assigned'),
(7572, '198316', 'assigned'),
(7573, '198331', 'assigned'),
(7574, '197598', 'assigned'),
(7575, '198424', 'assigned'),
(7576, '197664', 'assigned'),
(7577, '198469', 'assigned'),
(7578, '198000', 'assigned'),
(7579, '198389', 'assigned'),
(7580, '198428', 'assigned'),
(7581, '693', 'assigned'),
(7582, '198177', 'assigned'),
(7583, '198257', 'assigned'),
(7584, '198405', 'assigned'),
(7585, '198256', 'assigned'),
(7586, '198220', 'assigned'),
(7587, '198388', 'assigned'),
(7588, '198432', 'assigned'),
(7589, '217538', 'assigned'),
(7590, '198237', 'assigned'),
(7591, '5240048', 'assigned'),
(7592, '197891', 'assigned'),
(7593, '198286', 'assigned'),
(7594, '198199', 'assigned'),
(7595, '197663', 'assigned'),
(7596, '209244', 'assigned'),
(7597, '197706', 'assigned'),
(7598, '209241', 'assigned'),
(7599, '198034', 'assigned'),
(7600, '198384', 'assigned'),
(7601, '197681', 'assigned'),
(7602, '198498', 'assigned'),
(7603, '198512', 'assigned'),
(7604, '197560', 'assigned'),
(7605, '262600', 'assigned'),
(7606, '198234', 'assigned'),
(7607, '198163', 'assigned'),
(7608, '198317', 'assigned'),
(7609, '197857', 'assigned'),
(7610, '198459', 'assigned'),
(7611, '198152', 'assigned'),
(7612, '198479', 'assigned'),
(7613, '198214', 'assigned'),
(7614, '196486', 'assigned'),
(7615, '198403', 'assigned'),
(7616, '218315', 'assigned'),
(7617, '167936', 'assigned'),
(7618, '208545', 'assigned'),
(7619, '211540', 'assigned'),
(7620, '209247', 'assigned'),
(7621, '219113', 'assigned'),
(7622, '211572', 'assigned'),
(7623, '208594', 'assigned'),
(7624, '209216', 'assigned'),
(7625, '208540', 'assigned'),
(7626, '208477', 'assigned'),
(7627, '211593', 'assigned'),
(7628, '208680', 'assigned'),
(7629, '208780', 'assigned'),
(7630, '10664', 'assigned'),
(7631, '208953', 'assigned'),
(7632, '208514', 'assigned'),
(7633, '257', 'assigned'),
(7634, '209051', 'assigned'),
(7635, '208751', 'assigned'),
(7636, '63096', 'assigned'),
(7637, '208988', 'assigned'),
(7638, '217856', 'assigned'),
(7639, '209123', 'assigned'),
(7640, '242620', 'assigned'),
(7641, '209215', 'assigned'),
(7642, '208908', 'assigned'),
(7643, '209170', 'assigned'),
(7644, '65110', 'assigned'),
(7645, '217697', 'assigned'),
(7646, '209138', 'assigned'),
(7647, '357', 'assigned'),
(7648, '218323', 'assigned'),
(7649, '217687', 'assigned'),
(7650, '208772', 'assigned'),
(7651, '208852', 'assigned'),
(7652, '208960', 'assigned'),
(7653, '208497', 'assigned'),
(7654, '208940', 'assigned'),
(7655, '209202', 'assigned'),
(7656, '209095', 'assigned'),
(7657, '809108', 'assigned'),
(7658, '209163', 'assigned'),
(7659, '10104738', 'assigned'),
(7660, '218141', 'assigned'),
(7661, '208975', 'assigned'),
(7662, '218276', 'assigned'),
(7663, '217542', 'assigned'),
(7664, '218050', 'assigned'),
(7665, '455', 'assigned'),
(7666, '225', 'assigned'),
(7667, '395', 'assigned'),
(7668, '217788', 'assigned'),
(7669, '218230', 'assigned'),
(7670, '68319', 'assigned'),
(7671, '218160', 'assigned'),
(7672, '5241111', 'assigned'),
(7673, '218157', 'assigned'),
(7674, '128512', 'assigned'),
(7675, '218107', 'assigned'),
(7676, '10104784', 'assigned'),
(7677, '10092637', 'assigned'),
(7678, '10104540', 'assigned'),
(7679, '217806', 'assigned'),
(7680, '751055', 'assigned'),
(7681, '217777', 'assigned'),
(7682, '218336', 'assigned'),
(7683, '217824', 'assigned'),
(7684, '5241021', 'assigned'),
(7685, '218329', 'assigned'),
(7686, '125202', 'assigned'),
(7687, '5239868', 'assigned'),
(7688, '218152', 'assigned'),
(7689, '2118241', 'assigned'),
(7690, '218225', 'assigned'),
(7691, '218248', 'assigned'),
(7692, '218159', 'assigned'),
(7693, '217733', 'assigned'),
(7694, '218280', 'assigned'),
(7695, '218131', 'assigned'),
(7696, '218203', 'assigned'),
(7697, '218060', 'assigned'),
(7698, '217794', 'assigned'),
(7699, '218202', 'assigned'),
(7700, '218516', 'assigned'),
(7701, '217805', 'assigned'),
(7702, '218376', 'assigned'),
(7703, '184', 'assigned'),
(7704, '218135', 'assigned'),
(7705, '218367', 'assigned'),
(7706, '2181211', 'assigned'),
(7707, '20', 'assigned'),
(7708, '218069', 'assigned'),
(7709, '207', 'assigned'),
(7710, '149', 'assigned'),
(7711, '218437', 'assigned'),
(7712, '217594', 'assigned'),
(7713, '217813', 'assigned'),
(7714, '10101421', 'assigned'),
(7715, '10087953', 'assigned'),
(7716, '217677', 'assigned'),
(7717, '2952', 'assigned'),
(7718, '217835', 'assigned'),
(7719, '217582', 'assigned'),
(7720, '218345', 'assigned'),
(7721, '218223', 'assigned'),
(7722, '10076496', 'assigned'),
(7723, '217549', 'assigned'),
(7724, '10007039', 'assigned'),
(7725, '218091', 'assigned'),
(7726, '217671', 'assigned'),
(7727, '217782', 'assigned'),
(7728, '217694', 'assigned'),
(7729, '159', 'assigned'),
(7730, '217827', 'assigned'),
(7731, '14', 'assigned'),
(7732, '218238', 'assigned'),
(7733, '521', 'assigned'),
(7734, '218400', 'assigned'),
(7735, '218212', 'assigned'),
(7736, '899216', 'assigned'),
(7737, '218018', 'assigned'),
(7738, '217503', 'assigned'),
(7739, '217840', 'assigned'),
(7740, '10047154', 'assigned'),
(7741, '10047156', 'assigned'),
(7742, '217565', 'assigned'),
(7743, '829341', 'assigned'),
(7744, '218109', 'assigned'),
(7745, '10025368', 'assigned'),
(7746, '931', 'assigned'),
(7747, '28353', 'assigned'),
(7748, '218135', 'assigned'),
(7749, '65180', 'assigned'),
(7750, '217569', 'assigned'),
(7751, '218044', 'assigned'),
(7752, '218158', 'assigned'),
(7753, '218101', 'assigned'),
(7754, '786850', 'assigned'),
(7755, '218430', 'assigned'),
(7756, '220506', 'assigned'),
(7757, '10002819', 'assigned'),
(7758, '218363', 'assigned'),
(7759, '218424', 'assigned'),
(7760, '65080', 'assigned'),
(7761, '3239', 'assigned'),
(7762, '285399', 'assigned'),
(7763, '259251', 'assigned'),
(7764, '271083', 'assigned'),
(7765, '382751', 'assigned'),
(7766, '5240097', 'assigned'),
(7767, '146271', 'assigned'),
(7768, '872153', 'assigned'),
(7769, '710586', 'assigned'),
(7770, '6081275', 'assigned'),
(7771, '872153', 'assigned'),
(7772, '871325', 'assigned'),
(7773, '5608127', 'assigned'),
(7774, '82580', 'assigned'),
(7775, '709201', 'assigned'),
(7776, '65210', 'assigned'),
(7777, '82535', 'assigned'),
(7778, '710587', 'assigned'),
(7779, '13827', 'assigned'),
(7780, '125837', 'assigned'),
(7781, '827513', 'assigned'),
(7782, '271085', 'assigned'),
(7783, '710882', 'assigned'),
(7784, '875113', 'assigned'),
(7785, '97863', 'assigned'),
(7786, '289622', 'assigned'),
(7787, '8127560', 'assigned'),
(7788, '298691', 'assigned'),
(7789, '168967', 'assigned'),
(7790, '721568', 'assigned'),
(7791, '76986', 'assigned'),
(7792, '216896', 'assigned'),
(7793, '17698', 'assigned'),
(7794, '899861', 'assigned'),
(7795, '271598', 'assigned'),
(7796, '298991', 'assigned'),
(7797, '176986', 'assigned'),
(7798, '298691', 'assigned'),
(7799, '798991', 'assigned'),
(7800, '76893', 'assigned'),
(7801, '827159', 'assigned'),
(7802, '689912', 'assigned'),
(7803, '169676', 'assigned'),
(7804, '167962', 'assigned'),
(7805, '10043837', 'assigned'),
(7806, '65160', 'assigned'),
(7807, '9583032', 'assigned'),
(7808, '710887', 'assigned'),
(7809, '5827016', 'assigned'),
(7810, '271085', 'assigned'),
(7811, '97563', 'assigned'),
(7812, '215387', 'assigned'),
(7813, '316715', 'assigned'),
(7814, '167949', 'assigned'),
(7815, '721538', 'assigned'),
(7816, '751138', 'assigned'),
(7817, '23365', 'assigned'),
(7818, '82583', 'assigned'),
(7819, '63952', 'assigned'),
(7820, '710588', 'assigned'),
(7821, '511387', 'assigned'),
(7822, '248816', 'assigned'),
(7823, '167953', 'assigned'),
(7824, '82585', 'assigned'),
(7825, '192750', 'assigned'),
(7826, '242635', 'assigned'),
(7827, '658668', 'assigned'),
(7828, '987935', 'assigned'),
(7829, '3000063', 'assigned'),
(7830, '65275', 'assigned'),
(7831, '12756', 'assigned'),
(7832, '96008696', 'assigned'),
(7833, '730678', 'assigned'),
(7834, '254166', 'assigned'),
(7835, '751052', 'assigned'),
(7836, '254118', 'assigned'),
(7837, '254116', 'assigned'),
(7838, '254182', 'assigned'),
(7839, '254296', 'assigned'),
(7840, '26371', 'assigned'),
(7841, '254303', 'assigned'),
(7842, '869582', 'assigned'),
(7843, '254231', 'assigned'),
(7844, '89793', 'assigned'),
(7845, '87939', 'assigned'),
(7846, '65246', 'assigned'),
(7847, '998357', 'assigned'),
(7848, '79389', 'assigned'),
(7849, '87939', 'assigned'),
(7850, '867736', 'assigned'),
(7851, '97683', 'assigned'),
(7852, '10043830', 'assigned'),
(7853, '97862', 'assigned'),
(7854, '89397', 'assigned'),
(7855, '399857', 'assigned'),
(7856, '399858', 'assigned'),
(7857, '289688', 'assigned'),
(7858, '3011', 'assigned'),
(7859, '795586', 'assigned'),
(7860, '167835', 'assigned'),
(7861, '952035', 'assigned'),
(7862, '939536', 'assigned'),
(7863, '86548', 'assigned'),
(7864, '751013', 'assigned'),
(7865, '739206', 'assigned'),
(7866, '795588', 'assigned'),
(7867, '655082', 'assigned'),
(7868, '288687', 'assigned'),
(7869, '739209', 'assigned'),
(7870, '629533', 'assigned'),
(7871, '29533', 'assigned'),
(7872, '5240864', 'assigned'),
(7873, '677535', 'assigned'),
(7874, '533626', 'assigned'),
(7875, '535677', 'assigned'),
(7876, '656689', 'assigned'),
(7877, '623365', 'assigned'),
(7878, '95336', 'assigned'),
(7879, '167820', 'assigned'),
(7880, '731626', 'assigned'),
(7881, '658233', 'assigned'),
(7882, '395369', 'assigned'),
(7883, '573675', 'assigned'),
(7884, '93987', 'assigned'),
(7885, '95737', 'assigned'),
(7886, '6258093', 'assigned'),
(7887, '539369', 'assigned'),
(7888, '53575', 'assigned'),
(7889, '568987', 'assigned'),
(7890, '336775', 'assigned'),
(7891, '5895390', 'assigned'),
(7892, '963078', 'assigned'),
(7893, '298691', 'assigned'),
(7894, '739985', 'assigned'),
(7895, '167825', 'assigned'),
(7896, '138056', 'assigned'),
(7897, '10043741', 'assigned'),
(7898, '723565', 'assigned'),
(7899, '10076489', 'assigned'),
(7900, '865866', 'assigned'),
(7901, '953562', 'assigned'),
(7902, '167843', 'assigned'),
(7903, '599369', 'assigned'),
(7904, '336562', 'assigned'),
(7905, '536932', 'assigned'),
(7906, '39536', 'assigned'),
(7907, '283220', 'assigned'),
(7908, '191560', 'assigned'),
(7909, '167871', 'assigned'),
(7910, '95737', 'assigned'),
(7911, '167869', 'assigned'),
(7912, '626533', 'assigned'),
(7913, '4423', 'assigned'),
(7914, '869944', 'assigned'),
(7915, '166789', 'assigned'),
(7916, '932536', 'assigned'),
(7917, '78620', 'assigned'),
(7918, '765889', 'assigned'),
(7919, '958689', 'assigned'),
(7920, '5241143', 'assigned'),
(7921, '795573', 'assigned'),
(7922, '739985', 'assigned'),
(7923, '67937', 'assigned'),
(7924, '57739', 'assigned'),
(7925, '958989', 'assigned'),
(7926, '62953', 'assigned'),
(7927, '53362', 'assigned'),
(7928, '38253', 'assigned'),
(7929, '37657', 'assigned'),
(7930, '215687', 'assigned'),
(7931, '138257', 'assigned'),
(7932, '713258', 'assigned'),
(7933, '710889', 'assigned'),
(7934, '127583', 'assigned'),
(7935, '539207', 'assigned'),
(7936, '4492', 'assigned'),
(7937, '167827', 'assigned'),
(7938, '336562', 'assigned'),
(7939, '295336', 'assigned'),
(7940, '26533', 'assigned'),
(7941, '4432', 'assigned'),
(7942, '127568', 'assigned'),
(7943, '5240679', 'assigned'),
(7944, '7560812', 'assigned'),
(7945, '812756', 'assigned'),
(7946, '127578', 'assigned'),
(7947, '710582', 'assigned'),
(7948, '259439', 'assigned'),
(7949, '713825', 'assigned'),
(7950, '712583', 'assigned'),
(7951, '32588', 'assigned'),
(7952, '677535', 'assigned'),
(7953, '36562', 'assigned'),
(7954, '167935', 'assigned'),
(7955, '932536', 'assigned'),
(7956, '97863', 'assigned'),
(7957, '233656', 'assigned'),
(7958, '98937', 'assigned'),
(7959, '93786', 'assigned'),
(7960, '557216', 'assigned'),
(7961, '37689', 'assigned'),
(7962, '368653', 'assigned'),
(7963, '93253', 'assigned'),
(7964, '598793', 'assigned'),
(7965, '93987', 'assigned'),
(7966, '93768', 'assigned'),
(7967, '533626', 'assigned'),
(7968, '89739', 'assigned'),
(7969, '68937', 'assigned'),
(7970, '573998', 'assigned'),
(7971, '93987', 'assigned'),
(7972, '37689', 'assigned'),
(7973, '598793', 'assigned'),
(7974, '39897', 'assigned'),
(7975, '932531', 'assigned'),
(7976, '586932', 'assigned'),
(7977, '167867', 'assigned'),
(7978, '21727', 'assigned'),
(7979, '21676', 'assigned'),
(7980, '4927863', 'assigned'),
(7981, '41726', 'assigned'),
(7982, '218265', 'assigned'),
(7983, '881704', 'assigned'),
(7984, '9305', 'assigned'),
(7985, '39542', 'assigned'),
(7986, '132839', 'assigned'),
(7987, '10001917', 'assigned'),
(7988, '5240212', 'assigned'),
(7989, '882452', 'assigned'),
(7990, '871081', 'assigned'),
(7991, '27310', 'assigned'),
(7992, '869708', 'assigned'),
(7993, '65097', 'assigned'),
(7994, '167829', 'assigned'),
(7995, '254254', 'assigned'),
(7996, '10091875', 'assigned'),
(7997, '218187', 'assigned'),
(7998, '218391', 'assigned'),
(7999, '232582', 'assigned'),
(8000, '256476', 'assigned'),
(8001, '739162', 'assigned'),
(8002, '242616', 'assigned'),
(8003, '5240788', 'assigned'),
(8004, '142', 'assigned'),
(8005, '5239920', 'assigned'),
(8006, '223300', 'assigned'),
(8007, '2217552', 'assigned'),
(8008, '390', 'assigned'),
(8009, '751051', 'assigned'),
(8010, '341', 'assigned'),
(8011, '256620', 'assigned'),
(8012, '65164', 'assigned'),
(8013, '212', 'assigned'),
(8014, '5239796', 'assigned'),
(8015, '82081', 'assigned'),
(8016, '123850', 'assigned'),
(8017, '771085', 'assigned'),
(8018, '506', 'assigned'),
(8019, '310', 'assigned'),
(8020, '2194183', 'assigned'),
(8021, '218246', 'assigned'),
(8022, '1797977', 'assigned'),
(8023, '410229', 'assigned'),
(8024, '218274', 'assigned'),
(8025, '217888', 'assigned'),
(8026, '209074', 'assigned'),
(8027, '5349640', 'assigned'),
(8028, '218287', 'assigned'),
(8029, '218096', 'assigned'),
(8030, '465', 'assigned'),
(8031, '218234', 'assigned'),
(8032, '83063', 'assigned'),
(8033, '759868', 'assigned'),
(8034, '218224', 'assigned'),
(8035, '218259', 'assigned'),
(8036, '209087', 'assigned'),
(8037, '217625', 'assigned'),
(8038, '232586', 'assigned'),
(8039, '218103', 'assigned'),
(8040, '218237', 'assigned'),
(8041, '208773', 'assigned'),
(8042, '218262', 'assigned'),
(8043, '254141', 'assigned'),
(8044, '218031', 'assigned'),
(8045, '218183', 'assigned'),
(8046, '217846', 'assigned'),
(8047, '218189', 'assigned'),
(8048, '910153249', 'assigned'),
(8049, '218025', 'assigned'),
(8050, '218111', 'assigned'),
(8051, '217637', 'assigned'),
(8052, '375', 'assigned'),
(8053, '218057', 'assigned'),
(8054, '3875', 'assigned'),
(8055, '765448', 'assigned'),
(8056, '65053', 'assigned'),
(8057, '209086', 'assigned'),
(8058, '209039', 'assigned'),
(8059, '218402', 'assigned'),
(8060, '218425', 'assigned'),
(8061, '217665', 'assigned'),
(8062, '21789', 'assigned'),
(8063, '218063', 'assigned'),
(8064, '218068', 'assigned'),
(8065, '218278', 'assigned'),
(8066, '217772', 'assigned'),
(8067, '218019', 'assigned'),
(8068, '217765', 'assigned'),
(8069, '217646', 'assigned'),
(8070, '218168', 'assigned'),
(8071, '218301', 'assigned'),
(8072, '218088', 'assigned'),
(8073, '218179', 'assigned'),
(8074, '458', 'assigned'),
(8075, '208860', 'assigned'),
(8076, '78391', 'assigned'),
(8077, '218129', 'assigned'),
(8078, '218110', 'assigned'),
(8079, '218138', 'assigned'),
(8080, '218213', 'assigned'),
(8081, '217567', 'assigned'),
(8082, '218235', 'assigned'),
(8083, '218139', 'assigned'),
(8084, '217810', 'assigned'),
(8085, '218208', 'assigned'),
(8086, '218357', 'assigned'),
(8087, '217821', 'assigned'),
(8088, '217571', 'assigned'),
(8089, '217736', 'assigned'),
(8090, '218277', 'assigned'),
(8091, '218306', 'assigned'),
(8092, '217518', 'assigned'),
(8093, '217847', 'assigned'),
(8094, '218436', 'assigned'),
(8095, '217739', 'assigned'),
(8096, '218066', 'assigned'),
(8097, '218043', 'assigned'),
(8098, '218239', 'assigned'),
(8099, '193016', 'assigned'),
(8100, '218076', 'assigned'),
(8101, '5240158', 'assigned'),
(8102, '218419', 'assigned'),
(8103, '217586', 'assigned'),
(8104, '232579', 'assigned'),
(8105, '217830', 'assigned'),
(8106, '218214', 'assigned'),
(8107, '217615', 'assigned'),
(8108, '218052', 'assigned'),
(8109, '218049', 'assigned'),
(8110, '39640', 'assigned'),
(8111, '132', 'assigned'),
(8112, '217522', 'assigned'),
(8113, '218169', 'assigned'),
(8114, '41539', 'assigned'),
(8115, '10012802', 'assigned'),
(8116, '218070', 'assigned'),
(8117, '217771', 'assigned'),
(8118, '5240451', 'assigned'),
(8119, '218349', 'assigned'),
(8120, '199', 'assigned'),
(8121, '217657', 'assigned'),
(8122, '44754', 'assigned'),
(8123, '208769', 'assigned'),
(8124, '218332', 'assigned'),
(8125, '217895', 'assigned'),
(8126, '5240157', 'assigned'),
(8127, '218447', 'assigned'),
(8128, '5240070', 'assigned'),
(8129, '5240347', 'assigned'),
(8130, '161', 'assigned'),
(8131, '218320', 'assigned'),
(8132, '218299', 'assigned'),
(8133, '4153', 'assigned'),
(8134, '218146', 'assigned'),
(8135, '65109', 'assigned'),
(8136, '5240153', 'assigned'),
(8137, '396520', 'assigned'),
(8138, '218002', 'assigned'),
(8139, '10099510', 'assigned'),
(8140, '217760', 'assigned'),
(8141, '41133', 'assigned'),
(8142, '5240555', 'assigned'),
(8143, '706', 'assigned'),
(8144, '218011', 'assigned'),
(8145, '217829', 'assigned'),
(8146, '217788', 'assigned'),
(8147, '218406', 'assigned'),
(8148, '218205', 'assigned'),
(8149, '218176', 'assigned'),
(8150, '10104255', 'assigned'),
(8151, '218295', 'assigned'),
(8152, '218411', 'assigned'),
(8153, '218260', 'assigned'),
(8154, '218290', 'assigned'),
(8155, '218338', 'assigned'),
(8156, '5240911', 'assigned'),
(8157, '65124', 'assigned'),
(8158, '218261', 'assigned'),
(8159, '217823', 'assigned'),
(8160, '10097480', 'assigned'),
(8161, '217684', 'assigned'),
(8162, '218116', 'assigned'),
(8163, '7', 'assigned'),
(8164, '192257', 'assigned'),
(8165, '217512', 'assigned'),
(8166, '5239850', 'assigned'),
(8167, '266349', 'assigned'),
(8168, '5240727', 'assigned'),
(8169, '5240088', 'assigned'),
(8170, '140286', 'assigned'),
(8171, '217853', 'assigned'),
(8172, '217872', 'assigned'),
(8173, '217505', 'assigned'),
(8174, '217561', 'assigned'),
(8175, '65192', 'assigned'),
(8176, '5240473', 'assigned'),
(8177, '265', 'assigned'),
(8178, '3061727', 'assigned'),
(8179, '4927539', 'assigned'),
(8180, '527', 'assigned'),
(8181, '217582', 'assigned'),
(8182, '486', 'assigned'),
(8183, '218311', 'assigned'),
(8184, '217723', 'assigned'),
(8185, '218263', 'assigned'),
(8186, '589', 'assigned'),
(8187, '217610', 'assigned'),
(8188, '5240398', 'assigned'),
(8189, '217619', 'assigned'),
(8190, '198', 'assigned'),
(8191, '218292', 'assigned'),
(8192, '5240875', 'assigned'),
(8193, '768', 'assigned'),
(8194, '217763', 'assigned'),
(8195, '5240444', 'assigned'),
(8196, '49433', 'assigned'),
(8197, '217659', 'assigned'),
(8198, '5240445', 'assigned'),
(8199, '218004', 'assigned'),
(8200, '218195', 'assigned'),
(8201, '167917', 'assigned'),
(8202, '218308', 'assigned'),
(8203, '217876', 'assigned'),
(8204, '217622', 'assigned'),
(8205, '218331', 'assigned'),
(8206, '217709', 'assigned'),
(8207, '218362', 'assigned'),
(8208, '5240086', 'assigned'),
(8209, '218282', 'assigned'),
(8210, '218386', 'assigned'),
(8211, '217774', 'assigned'),
(8212, '218272', 'assigned'),
(8213, '217757', 'assigned'),
(8214, '218220', 'assigned'),
(8215, '5240087', 'assigned'),
(8216, '10086086', 'assigned'),
(8217, '217508', 'assigned'),
(8218, '708', 'assigned'),
(8219, '218192', 'assigned'),
(8220, '10104553', 'assigned'),
(8221, '217617', 'assigned'),
(8222, '5239925', 'assigned'),
(8223, '218184', 'assigned'),
(8224, '218176', 'assigned'),
(8225, '10104778', 'assigned'),
(8226, '1890597', 'assigned'),
(8227, '218121', 'assigned'),
(8228, '167919', 'assigned'),
(8229, '218317', 'assigned'),
(8230, '218112', 'assigned'),
(8231, '10104990', 'assigned'),
(8232, '2118348', 'assigned'),
(8233, '218271', 'assigned'),
(8234, '5239797', 'assigned'),
(8235, '10079295', 'assigned'),
(8236, '217896', 'assigned'),
(8237, '478', 'assigned'),
(8238, '235982', 'assigned'),
(8239, '218390', 'assigned'),
(8240, '217621', 'assigned'),
(8241, '218072', 'assigned'),
(8242, '218281', 'assigned'),
(8243, '218098', 'assigned'),
(8244, '218180', 'assigned'),
(8245, '218335', 'assigned'),
(8246, '218325', 'assigned'),
(8247, '217574', 'assigned'),
(8248, '217624', 'assigned'),
(8249, '218268', 'assigned'),
(8250, '218307', 'assigned'),
(8251, '218249', 'assigned'),
(8252, '218269', 'assigned'),
(8253, '218119', 'assigned'),
(8254, '218040', 'assigned'),
(8255, '218041', 'assigned'),
(8256, '218106', 'assigned'),
(8257, '218450', 'assigned'),
(8258, '217626', 'assigned'),
(8259, '209006', 'assigned'),
(8260, '217802', 'assigned'),
(8261, '217699', 'assigned'),
(8262, '218084', 'assigned'),
(8263, '217606', 'assigned'),
(8264, '217672', 'assigned'),
(8265, '218440', 'assigned'),
(8266, '110', 'assigned'),
(8267, '217695', 'assigned'),
(8268, '217652', 'assigned'),
(8269, '217838', 'assigned'),
(8270, '217587', 'assigned'),
(8271, '735', 'assigned'),
(8272, '217633', 'assigned'),
(8273, '218273', 'assigned'),
(8274, '217645', 'assigned'),
(8275, '218174', 'assigned'),
(8276, '218397', 'assigned'),
(8277, '217875', 'assigned'),
(8278, '193', 'assigned'),
(8279, '217801', 'assigned'),
(8280, '218059', 'assigned'),
(8281, '19882', 'assigned'),
(8282, '218144', 'assigned'),
(8283, '217504', 'assigned'),
(8284, '217705', 'assigned'),
(8285, '217649', 'assigned'),
(8286, '218191', 'assigned'),
(8287, '218242', 'assigned'),
(8288, '217881', 'assigned'),
(8289, '218423', 'assigned'),
(8290, '28253', 'assigned'),
(8291, '218340', 'assigned'),
(8292, '218058', 'assigned'),
(8293, '217660', 'assigned'),
(8294, '217573', 'assigned'),
(8295, '217534', 'assigned'),
(8296, '218401', 'assigned'),
(8297, '10761', 'assigned'),
(8298, '27886', 'assigned'),
(8299, '218373', 'assigned'),
(8300, '218303', 'assigned'),
(8301, '218449', 'assigned'),
(8302, '354', 'assigned'),
(8303, '218388', 'assigned'),
(8304, '2118207', 'assigned'),
(8305, '217953', 'assigned'),
(8306, '182', 'assigned'),
(8307, '217866', 'assigned'),
(8308, '218122', 'assigned'),
(8309, '217707', 'assigned'),
(8310, '232597', 'assigned'),
(8311, '217749', 'assigned'),
(8312, '217528', 'assigned'),
(8313, '218356', 'assigned'),
(8314, '218409', 'assigned'),
(8315, '218003', 'assigned'),
(8316, '218232', 'assigned'),
(8317, '217708', 'assigned'),
(8318, '218387', 'assigned'),
(8319, '217791', 'assigned'),
(8320, '217494', 'assigned'),
(8321, '218077', 'assigned'),
(8322, '218294', 'assigned'),
(8323, '218408', 'assigned'),
(8324, '108', 'assigned'),
(8325, '218429', 'assigned'),
(8326, '218010', 'assigned'),
(8327, '217731', 'assigned'),
(8328, '218071', 'assigned'),
(8329, '209174', 'assigned'),
(8330, '217761', 'assigned'),
(8331, '217604', 'assigned'),
(8332, '217750', 'assigned'),
(8333, '217507', 'assigned'),
(8334, '217627', 'assigned'),
(8335, '31', 'assigned'),
(8336, '2118029', 'assigned'),
(8337, '41152', 'assigned'),
(8338, '39015', 'assigned'),
(8339, '217592', 'assigned'),
(8340, '26', 'assigned'),
(8341, '877256', 'assigned'),
(8342, '218413', 'assigned'),
(8343, '218079', 'assigned'),
(8344, '218149', 'assigned'),
(8345, '217870', 'assigned'),
(8346, '217860', 'assigned'),
(8347, '217899', 'assigned'),
(8348, '218321', 'assigned'),
(8349, '217650', 'assigned'),
(8350, '218137', 'assigned'),
(8351, '217648', 'assigned'),
(8352, '218446', 'assigned'),
(8353, '218316', 'assigned'),
(8354, '217543', 'assigned'),
(8355, '218222', 'assigned'),
(8356, '218097', 'assigned'),
(8357, '217701', 'assigned'),
(8358, '217744', 'assigned'),
(8359, '217852', 'assigned'),
(8360, '218432', 'assigned'),
(8361, '213412', 'assigned'),
(8362, '217704', 'assigned'),
(8363, '217661', 'assigned'),
(8364, '21817', 'assigned'),
(8365, '398', 'assigned'),
(8366, '217743', 'assigned'),
(8367, '279', 'assigned'),
(8368, '217663', 'assigned'),
(8369, '218266', 'assigned'),
(8370, '208885', 'assigned'),
(8371, '218371', 'assigned'),
(8372, '218030', 'assigned'),
(8373, '589', 'assigned'),
(8374, '218051', 'assigned'),
(8375, '759', 'assigned'),
(8376, '218415', 'assigned'),
(8377, '217554', 'assigned'),
(8378, '217796', 'assigned'),
(8379, '218270', 'assigned'),
(8380, '5367705', 'assigned'),
(8381, '152', 'assigned'),
(8382, '452849', 'assigned'),
(8383, '167896', 'assigned'),
(8384, '258005', 'assigned'),
(8385, '218438', 'assigned'),
(8386, '82322', 'assigned'),
(8387, '218206', 'assigned'),
(8388, '447', 'assigned'),
(8389, '217547', 'assigned'),
(8390, '34', 'assigned'),
(8391, '217800', 'assigned'),
(8392, '209056', 'assigned'),
(8393, '218344', 'assigned'),
(8394, '217664', 'assigned'),
(8395, '836', 'assigned'),
(8396, '111', 'assigned'),
(8397, '65337', 'assigned'),
(8398, '218244', 'assigned'),
(8399, '217524', 'assigned'),
(8400, '149471', 'assigned'),
(8401, '254174', 'assigned'),
(8402, '217897', 'assigned'),
(8403, '217841', 'assigned'),
(8404, '217593', 'assigned'),
(8405, '217892', 'assigned'),
(8406, '217716', 'assigned'),
(8407, '2117759', 'assigned'),
(8408, '218035', 'assigned'),
(8409, '217869', 'assigned'),
(8410, '217681', 'assigned'),
(8411, '209167', 'assigned'),
(8412, '217857', 'assigned'),
(8413, '218114', 'assigned'),
(8414, '217756', 'assigned'),
(8415, '217679', 'assigned'),
(8416, '217831', 'assigned'),
(8417, '217683', 'assigned'),
(8418, '799', 'assigned'),
(8419, '262500', 'assigned'),
(8420, '237076', 'assigned'),
(8421, '262027', 'assigned'),
(8422, '3540', 'assigned'),
(8423, '5240761', 'assigned'),
(8424, '5239949', 'assigned'),
(8425, '5230799', 'assigned'),
(8426, '223268', 'assigned'),
(8427, '65303', 'assigned'),
(8428, '65153', 'assigned'),
(8429, '5350016', 'assigned'),
(8430, '262256', 'assigned'),
(8431, '262159', 'assigned'),
(8432, '235012', 'assigned'),
(8433, '65186', 'assigned'),
(8434, '5239753', 'assigned'),
(8435, '65184', 'assigned'),
(8436, '77268', 'assigned'),
(8437, '75294', 'assigned'),
(8438, '72771', 'assigned'),
(8439, '65118', 'assigned'),
(8440, '5239791', 'assigned'),
(8441, '10035968', 'assigned'),
(8442, '5240021', 'assigned'),
(8443, '65092', 'assigned'),
(8444, '255246', 'assigned'),
(8445, '44986', 'assigned'),
(8446, '1003539', 'assigned'),
(8447, '5240801', 'assigned'),
(8448, '5240520', 'assigned'),
(8449, '304014', 'assigned'),
(8450, '240424', 'assigned'),
(8451, '5240609', 'assigned'),
(8452, '283277', 'assigned'),
(8453, '813051', 'assigned'),
(8454, '5240726', 'assigned'),
(8455, '5240724', 'assigned'),
(8456, '4927785', 'assigned'),
(8457, '864889', 'assigned'),
(8458, '5239798', 'assigned'),
(8459, '865918', 'assigned'),
(8460, '5239943', 'assigned'),
(8461, '5240410', 'assigned'),
(8462, '880531', 'assigned'),
(8463, '5239948', 'assigned'),
(8464, '250517', 'assigned'),
(8465, '283026', 'assigned'),
(8466, '82964', 'assigned'),
(8467, '72068', 'assigned'),
(8468, '5240023', 'assigned'),
(8469, '273470', 'assigned'),
(8470, '5239990', 'assigned'),
(8471, '275060', 'assigned'),
(8472, '                                                  ', 'assigned'),
(8473, '240593', 'assigned'),
(8474, '5240566', 'assigned'),
(8475, '261221', 'assigned'),
(8476, '5240038', 'assigned'),
(8477, '37673', 'assigned'),
(8478, '5241058', 'assigned'),
(8479, '813081', 'assigned'),
(8480, '864605', 'assigned'),
(8481, '5241059', 'assigned'),
(8482, '34356', 'assigned'),
(8483, '34465', 'assigned'),
(8484, '209221', 'assigned'),
(8485, '4197', 'assigned'),
(8486, '209088', 'assigned'),
(8487, '10104486', 'assigned'),
(8488, '90142297', 'assigned'),
(8489, '287643', 'assigned'),
(8490, '5240592', 'assigned'),
(8491, '209042', 'assigned'),
(8492, '1377', 'assigned'),
(8493, '910139400', 'assigned'),
(8494, '457', 'assigned'),
(8495, '3954', 'assigned'),
(8496, '3769', 'assigned'),
(8497, '197998', 'assigned'),
(8498, '198043', 'assigned'),
(8499, '198483', 'assigned'),
(8500, '5240948', 'assigned'),
(8501, '5240199', 'assigned'),
(8502, '605', 'assigned'),
(8503, '5403028', 'assigned'),
(8504, '205747', 'assigned'),
(8505, '197785', 'assigned'),
(8506, '10105664', 'assigned'),
(8507, '910139746', 'assigned'),
(8508, '198364', 'assigned');

-- --------------------------------------------------------

--
-- Table structure for table `meter_reader_groups`
--

CREATE TABLE `meter_reader_groups` (
  `id` int(11) NOT NULL,
  `user_id` int(11) NOT NULL,
  `ref_start` int(11) NOT NULL,
  `ref_end` int(11) NOT NULL
) ENGINE=InnoDB DEFAULT CHARSET=utf8mb4 COLLATE=utf8mb4_general_ci;

--
-- Dumping data for table `meter_reader_groups`
--

INSERT INTO `meter_reader_groups` (`id`, `user_id`, `ref_start`, `ref_end`) VALUES
(1, 4, 1001, 1002),
(2, 2, 1001, 1002);

-- --------------------------------------------------------

--
-- Table structure for table `meter_readings`
--

CREATE TABLE `meter_readings` (
  `id` int(11) NOT NULL,
  `cm_id` int(11) NOT NULL COMMENT 'consumer_meter id',
  `month_year` date DEFAULT NULL,
  `offpeak_prev` int(11) NOT NULL DEFAULT 0,
  `offpeak` double DEFAULT 0,
  `offpeak_units` int(11) NOT NULL DEFAULT 0,
  `peak` double DEFAULT 0,
  `peak_units` int(11) NOT NULL DEFAULT 0,
  `pkimage` varchar(500) DEFAULT NULL,
  `offpkimage` varchar(500) DEFAULT NULL,
  `datetime` timestamp NULL DEFAULT current_timestamp(),
  `longitude` varchar(20) DEFAULT NULL,
  `latitude` varchar(20) DEFAULT NULL,
  `varifier` varchar(50) DEFAULT NULL,
  `mrid` varchar(50) DEFAULT NULL,
  `sync` tinyint(4) NOT NULL DEFAULT 0,
  `status` varchar(50) DEFAULT NULL,
  `is_verified` int(11) NOT NULL DEFAULT 0,
  `add_by` int(11) DEFAULT NULL,
  `is_bill_generated` int(11) NOT NULL DEFAULT 0
) ENGINE=InnoDB DEFAULT CHARSET=latin1 COLLATE=latin1_swedish_ci;

--
-- Dumping data for table `meter_readings`
--

INSERT INTO `meter_readings` (`id`, `cm_id`, `month_year`, `offpeak_prev`, `offpeak`, `offpeak_units`, `peak`, `peak_units`, `pkimage`, `offpkimage`, `datetime`, `longitude`, `latitude`, `varifier`, `mrid`, `sync`, `status`, `is_verified`, `add_by`, `is_bill_generated`) VALUES
(1, 2, '2024-01-01', 0, 100, 100, NULL, 0, NULL, NULL, '2024-01-05 09:28:25', NULL, NULL, NULL, NULL, 0, NULL, 1, 2, 1),
(2, 1, '2024-01-01', 0, 0, 0, 0, 0, NULL, NULL, '2024-03-11 09:31:00', NULL, NULL, NULL, NULL, 0, NULL, 1, 2, 1);

-- --------------------------------------------------------

--
-- Table structure for table `migrations`
--

CREATE TABLE `migrations` (
  `id` int(10) UNSIGNED NOT NULL,
  `migration` varchar(255) NOT NULL,
  `batch` int(11) NOT NULL
) ENGINE=MyISAM DEFAULT CHARSET=utf8mb4 COLLATE=utf8mb4_unicode_ci;

--
-- Dumping data for table `migrations`
--

INSERT INTO `migrations` (`id`, `migration`, `batch`) VALUES
(1, '2019_02_18_062028_create_categories_table', 1),
(2, '2019_02_18_062028_create_course_files_table', 1),
(3, '2019_02_18_062028_create_course_videos_table', 1),
(4, '2019_02_18_062028_create_courses_table', 1),
(5, '2019_02_18_062028_create_curriculum_lectures_quiz_table', 1),
(6, '2019_02_18_062028_create_curriculum_sections_table', 1),
(7, '2019_02_18_062028_create_instruction_levels_table', 1),
(8, '2019_02_18_062028_create_password_resets_table', 1),
(9, '2019_02_18_062028_create_role_user_table', 1),
(10, '2019_02_18_062028_create_roles_table', 1),
(11, '2019_02_18_062028_create_users_table', 1),
(12, '2019_02_22_063348_create_instructors_table', 1),
(13, '2019_02_22_151526_create_payments_table', 1),
(14, '2019_03_02_084257_create_course_ratings', 1),
(15, '2019_03_03_072224_create_blogs_table', 1),
(16, '2019_03_04_141453_create_options_table', 1),
(17, '2019_03_08_072337_create_withdraw_requests_table', 1),
(18, '2019_04_07_145907_create_course_progress', 1),
(23, '2023_08_12_194346_create_carts_table', 2),
(24, '2023_08_15_144352_create_invoices_table', 3),
(25, '2023_08_15_154015_create_invoice_details_table', 4);

-- --------------------------------------------------------

--
-- Table structure for table `oauth_access_tokens`
--

CREATE TABLE `oauth_access_tokens` (
  `id` varchar(100) NOT NULL,
  `user_id` bigint(20) UNSIGNED DEFAULT NULL,
  `client_id` bigint(20) UNSIGNED NOT NULL,
  `name` varchar(191) DEFAULT NULL,
  `scopes` text DEFAULT NULL,
  `revoked` tinyint(1) NOT NULL,
  `created_at` timestamp NULL DEFAULT NULL,
  `updated_at` timestamp NULL DEFAULT NULL,
  `expires_at` datetime DEFAULT NULL
) ENGINE=MyISAM DEFAULT CHARSET=utf8mb4 COLLATE=utf8mb4_unicode_ci;

--
-- Dumping data for table `oauth_access_tokens`
--

INSERT INTO `oauth_access_tokens` (`id`, `user_id`, `client_id`, `name`, `scopes`, `revoked`, `created_at`, `updated_at`, `expires_at`) VALUES
('bc0952ad2726f88ca143a36ca10b959ce604a5a7d4d78755d743b1e3b38abcc3a77cba83f61c1c8b', 2, 1, 'accessToken', '[]', 0, '2023-08-08 23:28:27', '2023-08-08 23:28:27', '2024-08-08 16:28:27'),
('df0884c9872e5fceb8cc4799360dc174feb8d69558f8a16d679d1c9485e683b01d62b94fd8095d0a', 10, 1, 'accessToken', '[]', 1, '2023-08-24 13:48:05', '2023-08-24 14:16:04', '2024-08-24 06:48:05'),
('dacb3ea2c77cf47b6f506ea89035d647aba48ec02959edf5d994cf1ad56137b612fe8f071774033b', 10, 1, 'accessToken', '[]', 0, '2023-08-30 09:05:08', '2023-08-30 09:05:08', '2024-08-30 02:05:08'),
('54bd114336dd8ec887f831e5f9d19519eadd0ee7bb1510e41910cfa81f6d6ee4f65ab5d1b06caf10', 2, 1, 'accessToken', '[]', 0, '2023-08-31 16:06:06', '2023-08-31 16:06:06', '2024-08-31 12:06:06'),
('b1f33ed421e06d07c9e3fd9fbea400e14b7e79277b02511dcc94939904f68177568eb27024934a40', 2, 1, 'accessToken', '[]', 0, '2023-08-31 16:06:50', '2023-08-31 16:06:50', '2024-08-31 12:06:50'),
('0b6764592e78103fa07b641ee4055d0dc291c2b39b18802171c9fd1582c1fb5b5025e8bebc5de6ee', 2, 1, 'accessToken', '[]', 0, '2023-08-31 16:09:04', '2023-08-31 16:09:04', '2024-08-31 12:09:04'),
('9b3c024f7dac1e9ba38ab7a4612ac0ca1dafed0ca440ac8c780557511b05117fb95be4fb2668e850', 2, 1, 'accessToken', '[]', 0, '2023-08-31 16:18:46', '2023-08-31 16:18:46', '2024-08-31 12:18:46'),
('763ceeaa2cb659a2eb53557cc5db6fa3fab81ba2e0711ce95231c000564beedd170f0a3180cf433b', 2, 1, 'accessToken', '[]', 0, '2023-08-31 16:36:43', '2023-08-31 16:36:43', '2024-08-31 12:36:43'),
('39db23bfb236677fa9912f6f42cd9e6f264cebb1a439dd98cc4619b972e3feb5de1adce88b39c534', 2, 1, 'accessToken', '[]', 0, '2023-08-31 16:39:43', '2023-08-31 16:39:43', '2024-08-31 12:39:43'),
('b07c9f092458f2fc6a84bb504ad28d0f63235a420060b8172eec02872896a90b6bca46c9d51667d2', 2, 1, 'accessToken', '[]', 0, '2023-08-31 17:09:31', '2023-08-31 17:09:31', '2024-08-31 13:09:31'),
('3b8b5ab2a6a5ac7ffacfe53dd66474703fce886de717b29817d2270cc6f902653528bdc433c8b486', 2, 1, 'accessToken', '[]', 0, '2023-08-31 17:31:31', '2023-08-31 17:31:31', '2024-08-31 13:31:31'),
('43f7fbb8188c8f2c4c1a7b2c126611856d3ff024c1104ebfbefd3ba348da51b8ba5ad18b768d55ea', 2, 1, 'accessToken', '[]', 0, '2023-08-31 17:48:14', '2023-08-31 17:48:14', '2024-08-31 13:48:14'),
('d33a948e8873793541148711c92bbebf05c595d95f2f0ffd3fffdd0615770e2a29ed2ebf49e1bc1a', 1, 3, 'accessToken', '[]', 0, '2023-09-11 01:56:22', '2023-09-11 01:56:22', '2024-09-11 06:56:22'),
('a28b10d251ce6b604071088f88689d21a098504906d3fd0156c1e34205dd84d9060a2972b83c7d81', 2, 3, 'accessToken', '[]', 0, '2023-09-11 01:56:44', '2023-09-11 01:56:44', '2024-09-11 06:56:44'),
('77ee9075d2894b2c19240dbfe55acdab01d5fca96b8c901496927f6374dc7c2c4957a486c688af1f', 2, 3, 'accessToken', '[]', 0, '2023-09-12 00:07:09', '2023-09-12 00:07:09', '2024-09-12 05:07:09'),
('3bfb36c651b1647956b32f45d2e5735cdbc6e90e0ae0cc831041259b0268f20fc04873f80d40e9e2', 2, 3, 'accessToken', '[]', 0, '2023-12-07 23:33:03', '2023-12-07 23:33:03', '2024-12-08 04:33:03'),
('f36f9182b1fa2f5ec6c4dbf3f66a9fed47a5e8646ef8dc5be9c56c07bfc7a2ceeb0e59a88fdfd3c4', 2, 3, 'accessToken', '[]', 0, '2023-12-08 01:20:36', '2023-12-08 01:20:36', '2024-12-08 06:20:36'),
('afffbe85b17efbf8fc2bafbb1b2c7a93016664f95a101d63c6fd69eabc9ca53ea737e4150406d548', 2, 3, 'accessToken', '[]', 0, '2023-12-08 01:21:40', '2023-12-08 01:21:40', '2024-12-08 06:21:40'),
('bcd5f85932e2c7289a3967a812731789d6e0f38f5541250ae5bb6675c4cf327f1cda183ca695b0ba', 2, 3, 'accessToken', '[]', 0, '2024-01-02 00:54:00', '2024-01-02 00:54:00', '2025-01-02 05:54:00');

-- --------------------------------------------------------

--
-- Table structure for table `oauth_auth_codes`
--

CREATE TABLE `oauth_auth_codes` (
  `id` varchar(100) NOT NULL,
  `user_id` bigint(20) UNSIGNED NOT NULL,
  `client_id` bigint(20) UNSIGNED NOT NULL,
  `scopes` text DEFAULT NULL,
  `revoked` tinyint(1) NOT NULL,
  `expires_at` datetime DEFAULT NULL
) ENGINE=MyISAM DEFAULT CHARSET=utf8mb4 COLLATE=utf8mb4_unicode_ci;

-- --------------------------------------------------------

--
-- Table structure for table `oauth_clients`
--

CREATE TABLE `oauth_clients` (
  `id` bigint(20) UNSIGNED NOT NULL,
  `user_id` bigint(20) UNSIGNED DEFAULT NULL,
  `name` varchar(191) NOT NULL,
  `secret` varchar(100) DEFAULT NULL,
  `provider` varchar(191) DEFAULT NULL,
  `redirect` text NOT NULL,
  `personal_access_client` tinyint(1) NOT NULL,
  `password_client` tinyint(1) NOT NULL,
  `revoked` tinyint(1) NOT NULL,
  `created_at` timestamp NULL DEFAULT NULL,
  `updated_at` timestamp NULL DEFAULT NULL
) ENGINE=MyISAM DEFAULT CHARSET=utf8mb4 COLLATE=utf8mb4_unicode_ci;

--
-- Dumping data for table `oauth_clients`
--

INSERT INTO `oauth_clients` (`id`, `user_id`, `name`, `secret`, `provider`, `redirect`, `personal_access_client`, `password_client`, `revoked`, `created_at`, `updated_at`) VALUES
(1, NULL, 'Quality Coaching Academy Personal Access Client', 'Y3eQfv8agu3wVUVNqJfgtVHFhLayZ1HB6bfaN0Bu', NULL, 'http://localhost', 1, 0, 0, '2023-08-08 23:01:25', '2023-08-08 23:01:25'),
(2, NULL, 'Quality Coaching Academy Password Grant Client', 'CGwRel0IfbjHjSFYtMDtMmVI3D0XzsBiWKAMPKLC', 'users', 'http://localhost', 0, 1, 0, '2023-08-08 23:01:25', '2023-08-08 23:01:25'),
(3, NULL, 'CLEAN PROJECT 2 Personal Access Client', 'JFPv4tPmSt2iZtPf6fDqK4uV8TYkePRXBdyV0JQn', NULL, 'http://localhost', 1, 0, 0, '2023-09-11 01:56:18', '2023-09-11 01:56:18'),
(4, NULL, 'CLEAN PROJECT 2 Password Grant Client', 'lnAyOduaUa80H7bjt56tNoywwvF9jaZ8TFnO3H67', 'users', 'http://localhost', 0, 1, 0, '2023-09-11 01:56:18', '2023-09-11 01:56:18');

-- --------------------------------------------------------

--
-- Table structure for table `oauth_personal_access_clients`
--

CREATE TABLE `oauth_personal_access_clients` (
  `id` bigint(20) UNSIGNED NOT NULL,
  `client_id` bigint(20) UNSIGNED NOT NULL,
  `created_at` timestamp NULL DEFAULT NULL,
  `updated_at` timestamp NULL DEFAULT NULL
) ENGINE=MyISAM DEFAULT CHARSET=utf8mb4 COLLATE=utf8mb4_unicode_ci;

--
-- Dumping data for table `oauth_personal_access_clients`
--

INSERT INTO `oauth_personal_access_clients` (`id`, `client_id`, `created_at`, `updated_at`) VALUES
(1, 1, '2023-08-08 23:01:25', '2023-08-08 23:01:25'),
(2, 3, '2023-09-11 01:56:18', '2023-09-11 01:56:18');

-- --------------------------------------------------------

--
-- Table structure for table `oauth_refresh_tokens`
--

CREATE TABLE `oauth_refresh_tokens` (
  `id` varchar(100) NOT NULL,
  `access_token_id` varchar(100) NOT NULL,
  `revoked` tinyint(1) NOT NULL,
  `expires_at` datetime DEFAULT NULL
) ENGINE=MyISAM DEFAULT CHARSET=utf8mb4 COLLATE=utf8mb4_unicode_ci;

-- --------------------------------------------------------

--
-- Table structure for table `options`
--

CREATE TABLE `options` (
  `id` int(10) UNSIGNED NOT NULL,
  `code` varchar(255) NOT NULL,
  `option_key` varchar(255) NOT NULL,
  `option_value` text DEFAULT NULL,
  `ref_id` int(11) DEFAULT NULL
) ENGINE=MyISAM DEFAULT CHARSET=utf8mb4 COLLATE=utf8mb4_unicode_ci;

--
-- Dumping data for table `options`
--

INSERT INTO `options` (`id`, `code`, `option_key`, `option_value`, `ref_id`) VALUES
(1, 'pageHome', 'banner_title', 'PEDO', NULL),
(2, 'pageHome', 'banner_text', 'Search you bill by refrence Number from anywhere', NULL),
(3, 'pageHome', 'instructor_text', 'We have more than 200 skilled & professional Instructors', NULL),
(4, 'pageHome', 'learn_block_title', 'PEDO objective', NULL),
(5, 'pageHome', 'learn_block_text', '<p style=\"box-sizing: border-box; padding: 0px; margin: 0px 0px 10px; border: none; outline: none; font-family: \'Helvetica Neue\', Helvetica, Arial, sans-serif; font-size: 14px; text-align: justify; background-color: #ffffff; color: #000000 !important;\"><strong style=\"box-sizing: border-box; padding: 0px; margin: 0px; border: none; outline: none;\">Established In 1986 as \"Small Hydel Development Organization\" with the objective to:</strong></p>\r\n<p style=\"box-sizing: border-box; padding: 0px; margin: 0px 0px 10px; border: none; outline: none; font-family: \'Helvetica Neue\', Helvetica, Arial, sans-serif; font-size: 14px; text-align: justify; background-color: #ffffff; color: #000000 !important;\">&nbsp;- Identify and develop hydel potential upto 5MW.</p>\r\n<p style=\"box-sizing: border-box; padding: 0px; margin: 0px 0px 10px; border: none; outline: none; font-family: \'Helvetica Neue\', Helvetica, Arial, sans-serif; font-size: 14px; text-align: justify; background-color: #ffffff; color: #000000 !important;\">&nbsp;- Construct small hydel stations for isolated load centers.</p>\r\n<p style=\"box-sizing: border-box; padding: 0px; margin: 0px 0px 10px; border: none; outline: none; font-family: \'Helvetica Neue\', Helvetica, Arial, sans-serif; font-size: 14px; text-align: justify; background-color: #ffffff; color: #000000 !important;\">&nbsp;- Operate and maintain off grid small Hydel Stations.</p>\r\n<p style=\"box-sizing: border-box; padding: 0px; margin: 0px 0px 10px; border: none; outline: none; font-family: \'Helvetica Neue\', Helvetica, Arial, sans-serif; font-size: 14px; text-align: justify; background-color: #ffffff; color: #000000 !important;\">In 1993, it was converted to an autonomous body under the 1993 Act and renamed as \"Sarhad Hydel Development Organization (SHYDO) \" In 2013, the name of organization was changed to \"Pakhtunkhwa Hydel Development Organization(PHYDO)\" Most recently in 2014 PHYDO was renamed as \"Pakhtunkhwa Energy Development Organization (PEDO)\" through passage of PEDO Act 2014.</p>', NULL),
(6, 'pageAbout', 'content', '<article class=\"container\">\r\n<div class=\"row\">\r\n<div class=\"col-12\">\r\n<h5 class=\"mt-3 underline-heading\">OUR MISSION IS SIMPLE</h5>\r\n<p>Cobem ipsum dolor sit amet, consectetuer adipiscing elit. Aenean commodo ligula eget dolor. Aenean massa. Cum sociis natoque penatibus et magnis dis parturient montes, nascetur ridiculus mus. Donec quam felis, ultricies nec, pellentesque eu, pretium quis, sem. Nulla consequat massa quis enim. Donec pede justo, fringilla dolor sit amet, consectetuer adipiscing elit.</p>\r\n<p>Aenean commodo ligula eget dolor. Aenean massa. Sociis natoque penatibus et magnis dis parturient montes, nascetur ridiculus mus. Donec quam felis, ultricies nec, pellentesque eu, pretium quis, sem. Nulla consequat massa quis enim. Donec pede justo, fringilla vel, aliquet nec, vulputate eget, arcu. In enim justo, eta rhoncus ut, imperdiet a, venenatis vitae, justo. Nullam dictum felis eu pede mollis. Lorem ipsum dolor sit amet,Aenean commodo ligula eget dolor. Aenean massa. Sociis natoque penatibus et magnis dis parturient montes, nascetur ridiculus mus. Donec quam felis, ultricies nec, pellentesque eu, pretium quis, sem. Nulla consequat massa quis enim. Donec pede justo, fringilla vel, aliquet nec, vulputate eget, arcu. In enim justo, eta rhoncus ut, imperdiet a, venenatis vitae, justo. Nullam dictum felis eu pede mollis. Lorem ipsum dolor sit amet,</p>\r\n<ul class=\"ul-no-padding about-ul\">\r\n<li>Commodo ligula eget dolor. Aenean massa. Cum sociis natoque penatibus et magnis dis parturient montes, nascetur ridiculus mus.Commodo ligula eget dolor. Aenean massa. Port sociis natoque penatibus et magnis dis parturient montes, nascetur ridiculus mus.</li>\r\n<li>Dum sociis natoque penatibus et magnis dis parturient montes</li>\r\n<li>Nascetur ridiculus mus, Nulla consequat massa quis enim, Cum sociis natoque penatibus et magnis dis parturient montes</li>\r\n<li>Commodo ligula eget dolor. Aenean massa. Cum sociis natoque penatibus et magnis dis parturient montes, nascetur ridiculus mus.Commodo ligula eget dolor. Aenean massa. Cum sociis natoque penatibus et magnis dis parturient montes, nascetur ridiculus mus.</li>\r\n<li>Nascetur ridiculus mus, Nulla consequat massa quis enim</li>\r\n<li>Cum sociis natoque penatibus et magnis dis parturient montes, nascetur ridiculus mus, Nulla consequat massa quis enim</li>\r\n<li>Consectetuer adipiscing elit. Aenean commodo ligula eget dolor</li>\r\n</ul>\r\n</div>\r\n</div>\r\n</article>\r\n<article class=\"count-block jumbotron\">\r\n<div class=\"container\">\r\n<div class=\"row\">\r\n<div class=\"col-xl-3 col-lg-3 col-md-6 col-sm-6 col-6\">\r\n<h3 class=\"underline-heading\">150</h3>\r\n<h6>COUNTRIES REACHED</h6>\r\n</div>\r\n<div class=\"col-xl-3 col-lg-3 col-md-6 col-sm-6 col-6\">\r\n<h3 class=\"underline-heading\">850</h3>\r\n<h6>COUNTRIES REACHED</h6>\r\n</div>\r\n<div class=\"col-xl-3 col-lg-3 col-md-6 col-sm-6 col-6\">\r\n<h3 class=\"underline-heading\">38300</h3>\r\n<h6>PASSED GRADUATES</h6>\r\n</div>\r\n<div class=\"col-xl-3 col-lg-3 col-md-6 col-sm-6 col-6\">\r\n<h3 class=\"underline-heading\">3400</h3>\r\n<h6>COURSES PUBLISHED</h6>\r\n</div>\r\n</div>\r\n</div>\r\n</article>\r\n<article class=\"about-features-block\">\r\n<div class=\"container\">\r\n<div class=\"row\">\r\n<div class=\"col-12 text-center seperator-head mt-3\">\r\n<h3>Why choose QCA</h3>\r\n<p class=\"mt-3\">Cum doctus civibus efficiantur in imperdiet deterruisset.</p>\r\n</div>\r\n</div>\r\n<div class=\"row mt-4 mb-5\">\r\n<div class=\"col-xl-3 col-lg-4 col-md-6 col-sm-6\">\r\n<div class=\"feature-box mx-auto text-center\"><main><i class=\"fas fa-file-signature\"></i>\r\n<div class=\"col-md-12\">\r\n<h6 class=\"instructor-title\">Hi-Tech Learning</h6>\r\n<p>Aenean massa. Sociis natoque penatibus et magnis dis parturient montes, nascetur ridiculus mus. Donec quam felis, ultricies nec, pellentesque eu, pretium quis, sem.</p>\r\n</div>\r\n</main></div>\r\n</div>\r\n<div class=\"col-xl-3 col-lg-4 col-md-6 col-sm-6\">\r\n<div class=\"feature-box mx-auto text-center\"><main><i class=\"fas fa-users-cog\"></i>\r\n<div class=\"col-md-12\">\r\n<h6 class=\"instructor-title\">Course Discussion</h6>\r\n<p>Aenean massa. Sociis natoque penatibus et magnis dis parturient montes, nascetur ridiculus mus. Donec quam felis, ultricies nec, pellentesque eu, pretium quis, sem.</p>\r\n</div>\r\n</main></div>\r\n</div>\r\n<div class=\"col-xl-3 col-lg-4 col-md-6 col-sm-6\">\r\n<div class=\"feature-box mx-auto text-center\"><main><i class=\"fas fa-shield-alt\"></i>\r\n<div class=\"col-md-12\">\r\n<h6 class=\"instructor-title\">Website Security</h6>\r\n<p>Aenean massa. Sociis natoque penatibus et magnis dis parturient montes, nascetur ridiculus mus. Donec quam felis, ultricies nec, pellentesque eu, pretium quis, sem.</p>\r\n</div>\r\n</main></div>\r\n</div>\r\n<div class=\"col-xl-3 col-lg-4 col-md-6 col-sm-6\">\r\n<div class=\"feature-box mx-auto text-center\"><main><i class=\"fas fa-chalkboard-teacher\"></i>\r\n<div class=\"col-md-12\">\r\n<h6 class=\"instructor-title\">Qualified teachers</h6>\r\n<p>Aenean massa. Sociis natoque penatibus et magnis dis parturient montes, nascetur ridiculus mus. Donec quam felis, ultricies nec, pellentesque eu, pretium quis, sem.</p>\r\n</div>\r\n</main></div>\r\n</div>\r\n<div class=\"col-xl-3 col-lg-4 col-md-6 col-sm-6\">\r\n<div class=\"feature-box mx-auto text-center\"><main><i class=\"fas fa-building\"></i>\r\n<div class=\"col-md-12\">\r\n<h6 class=\"instructor-title\">Equiped class rooms</h6>\r\n<p>Aenean massa. Sociis natoque penatibus et magnis dis parturient montes, nascetur ridiculus mus. Donec quam felis, ultricies nec, pellentesque eu, pretium quis, sem.</p>\r\n</div>\r\n</main></div>\r\n</div>\r\n<div class=\"col-xl-3 col-lg-4 col-md-6 col-sm-6\">\r\n<div class=\"feature-box mx-auto text-center\"><main><i class=\"fas fa-digital-tachograph\"></i>\r\n<div class=\"col-md-12\">\r\n<h6 class=\"instructor-title\">Advanced teaching</h6>\r\n<p>Aenean massa. Sociis natoque penatibus et magnis dis parturient montes, nascetur ridiculus mus. Donec quam felis, ultricies nec, pellentesque eu, pretium quis, sem.</p>\r\n</div>\r\n</main></div>\r\n</div>\r\n<div class=\"col-xl-3 col-lg-4 col-md-6 col-sm-6\">\r\n<div class=\"feature-box mx-auto text-center\"><main><i class=\"fas fa-puzzle-piece\"></i>\r\n<div class=\"col-md-12\">\r\n<h6 class=\"instructor-title\">Adavanced study plans</h6>\r\n<p>Aenean massa. Sociis natoque penatibus et magnis dis parturient montes, nascetur ridiculus mus. Donec quam felis, ultricies nec, pellentesque eu, pretium quis, sem.</p>\r\n</div>\r\n</main></div>\r\n</div>\r\n<div class=\"col-xl-3 col-lg-4 col-md-6 col-sm-6\">\r\n<div class=\"feature-box mx-auto text-center\"><main><i class=\"fas fa-bullseye\"></i>\r\n<div class=\"col-md-12\">\r\n<h6 class=\"instructor-title\">Focus on target</h6>\r\n<p>Aenean massa. Sociis natoque penatibus et magnis dis parturient montes, nascetur ridiculus mus. Donec quam felis, ultricies nec, pellentesque eu, pretium quis, sem.</p>\r\n</div>\r\n</main></div>\r\n</div>\r\n<div class=\"col-xl-3 col-lg-4 col-md-6 col-sm-6\">\r\n<div class=\"feature-box mx-auto text-center\"><main><i class=\"fas fa-thumbs-up\"></i>\r\n<div class=\"col-md-12\">\r\n<h6 class=\"instructor-title\">Focus on success</h6>\r\n<p>Aenean massa. Sociis natoque penatibus et magnis dis parturient montes, nascetur ridiculus mus. Donec quam felis, ultricies nec, pellentesque eu, pretium quis, sem.</p>\r\n</div>\r\n</main></div>\r\n</div>\r\n<div class=\"col-xl-3 col-lg-4 col-md-6 col-sm-6\">\r\n<div class=\"feature-box mx-auto text-center\"><main><i class=\"fas fa-tablet-alt\"></i>\r\n<div class=\"col-md-12\">\r\n<h6 class=\"instructor-title\">Responsive Design</h6>\r\n<p>Aenean massa. Sociis natoque penatibus et magnis dis parturient montes, nascetur ridiculus mus. Donec quam felis, ultricies nec, pellentesque eu, pretium quis, sem.</p>\r\n</div>\r\n</main></div>\r\n</div>\r\n<div class=\"col-xl-3 col-lg-4 col-md-6 col-sm-6\">\r\n<div class=\"feature-box mx-auto text-center\"><main><i class=\"fas fa-credit-card\"></i>\r\n<div class=\"col-md-12\">\r\n<h6 class=\"instructor-title\">Payment Gateways</h6>\r\n<p>Aenean massa. Sociis natoque penatibus et magnis dis parturient montes, nascetur ridiculus mus. Donec quam felis, ultricies nec, pellentesque eu, pretium quis, sem.</p>\r\n</div>\r\n</main></div>\r\n</div>\r\n<div class=\"col-xl-3 col-lg-4 col-md-6 col-sm-6\">\r\n<div class=\"feature-box mx-auto text-center\"><main><i class=\"fas fa-search-plus\"></i>\r\n<div class=\"col-md-12\">\r\n<h6 class=\"instructor-title\">SEO Friendly</h6>\r\n<p>Aenean massa. Sociis natoque penatibus et magnis dis parturient montes, nascetur ridiculus mus. Donec quam felis, ultricies nec, pellentesque eu, pretium quis, sem.</p>\r\n</div>\r\n</main></div>\r\n</div>\r\n</div>\r\n</div>\r\n</article>', NULL),
(7, 'pageContact', 'telephone', '+92 (302) 5959967', NULL),
(8, 'pageContact', 'email', 'qca@example.com', NULL),
(9, 'pageContact', 'address', 'University Town, Peshawar , pakistan', NULL),
(10, 'pageContact', 'map', '<iframe src=\"https://www.google.com/maps/embed?pb=!1m18!1m12!1m3!1d3022.940622898076!2d-74.00543578509465!3d40.74133204375838!2m3!1f0!2f0!3f0!3m2!1i1024!2i768!4f13.1!3m3!1m2!1s0x89c259bf14f1f51f%3A0xcc1b5ab35bd75df0!2sGoogle!5e0!3m2!1sen!2sin!4v1542693598934\" width=\"100%\" height=\"100%\" frameborder=\"0\" style=\"border:0\" allowfullscreen></iframe>', NULL),
(11, 'settingGeneral', 'application_name', 'pedo', NULL),
(12, 'settingGeneral', 'meta_key', 'Quality Coaching Academy', NULL),
(13, 'settingGeneral', 'meta_description', 'Learn every topic. On time. Every time.', NULL),
(14, 'settingGeneral', 'admin_commission', '20', NULL),
(15, 'settingGeneral', 'admin_email', 'info@qca.com', NULL),
(16, 'settingGeneral', 'minimum_withdraw', '100', NULL),
(17, 'settingGeneral', 'header_logo', 'config/logo.png', NULL),
(18, 'settingGeneral', 'fav_icon', 'config/favicon.ico', NULL),
(19, 'settingGeneral', 'footer_logo', 'config/logo_footer.png', NULL),
(20, 'settingPayment', 'username', '', NULL),
(21, 'settingPayment', 'password', '', NULL),
(22, 'settingPayment', 'signature', '', NULL),
(23, 'settingPayment', 'test_mode', '1', NULL),
(24, 'settingPayment', 'is_active', '1', NULL),
(25, 'settingEmail', 'smtp_host', NULL, NULL),
(26, 'settingEmail', 'smtp_port', NULL, NULL),
(27, 'settingEmail', 'smtp_secure', NULL, NULL),
(28, 'settingEmail', 'smtp_username', NULL, NULL),
(29, 'settingEmail', 'smtp_password', NULL, NULL),
(30, 'settingGeneral', 'old_header_logo', 'config/logo.png', NULL),
(31, 'settingGeneral', 'old_footer_logo', 'config/logo_footer.png', NULL),
(32, 'settingGeneral', 'old_fav_icon', 'config/favicon.ico', NULL),
(38, 'settingCharges', 'late_fee_surcharge', '10', NULL),
(39, 'zaroBillPayment', 'if_unit_zero_for_domestic', '75', 1),
(40, 'zaroBillPayment', 'if_unit_zero_for_commerical', '150', 2),
(41, 'settingCharges', 'service_charges', '25', NULL);

-- --------------------------------------------------------

--
-- Table structure for table `password_resets`
--

CREATE TABLE `password_resets` (
  `email` varchar(120) NOT NULL,
  `token` varchar(255) NOT NULL,
  `created_at` datetime DEFAULT NULL
) ENGINE=MyISAM DEFAULT CHARSET=utf8mb4 COLLATE=utf8mb4_unicode_ci;

-- --------------------------------------------------------

--
-- Table structure for table `payment_receives`
--

CREATE TABLE `payment_receives` (
  `id` int(11) NOT NULL,
  `payment_month` date NOT NULL,
  `payment_date` date NOT NULL,
  `payment_amount` float NOT NULL,
  `bank_id` int(11) NOT NULL,
  `bill_id` int(11) NOT NULL,
  `cm_id` int(11) NOT NULL
) ENGINE=InnoDB DEFAULT CHARSET=utf8mb4 COLLATE=utf8mb4_general_ci;

--
-- Dumping data for table `payment_receives`
--

INSERT INTO `payment_receives` (`id`, `payment_month`, `payment_date`, `payment_amount`, `bank_id`, `bill_id`, `cm_id`) VALUES
(1, '2024-01-01', '2024-03-15', 101, 1, 2, 1);

-- --------------------------------------------------------

--
-- Table structure for table `personal_access_tokens`
--

CREATE TABLE `personal_access_tokens` (
  `id` bigint(20) UNSIGNED NOT NULL,
  `tokenable_type` varchar(255) NOT NULL,
  `tokenable_id` bigint(20) UNSIGNED NOT NULL,
  `name` varchar(255) NOT NULL,
  `token` varchar(64) NOT NULL,
  `abilities` text DEFAULT NULL,
  `last_used_at` timestamp NULL DEFAULT NULL,
  `expires_at` timestamp NULL DEFAULT NULL,
  `created_at` timestamp NULL DEFAULT NULL,
  `updated_at` timestamp NULL DEFAULT NULL
) ENGINE=InnoDB DEFAULT CHARSET=utf8mb4 COLLATE=utf8mb4_unicode_ci;

-- --------------------------------------------------------

--
-- Table structure for table `reading_approve`
--

CREATE TABLE `reading_approve` (
  `id` int(11) NOT NULL,
  `month_year` date NOT NULL,
  `created_at` timestamp NOT NULL DEFAULT current_timestamp(),
  `updated_at` timestamp NOT NULL DEFAULT current_timestamp(),
  `is_verified` tinyint(4) NOT NULL DEFAULT 0,
  `varify_by` int(11) NOT NULL
) ENGINE=InnoDB DEFAULT CHARSET=utf8mb4 COLLATE=utf8mb4_general_ci;

--
-- Dumping data for table `reading_approve`
--

INSERT INTO `reading_approve` (`id`, `month_year`, `created_at`, `updated_at`, `is_verified`, `varify_by`) VALUES
(1, '2024-01-01', '2024-03-11 09:31:00', '2024-03-11 09:31:00', 1, 1);

-- --------------------------------------------------------

--
-- Table structure for table `reset_code_passwords`
--

CREATE TABLE `reset_code_passwords` (
  `id` int(11) NOT NULL,
  `email` varchar(255) NOT NULL,
  `code` varchar(255) NOT NULL,
  `created_at` timestamp NULL DEFAULT NULL,
  `updated_at` timestamp NOT NULL DEFAULT current_timestamp()
) ENGINE=InnoDB DEFAULT CHARSET=utf8mb4 COLLATE=utf8mb4_unicode_ci;

-- --------------------------------------------------------

--
-- Table structure for table `roles`
--

CREATE TABLE `roles` (
  `id` int(10) UNSIGNED NOT NULL,
  `name` varchar(255) NOT NULL,
  `description` varchar(255) NOT NULL,
  `created_at` timestamp NULL DEFAULT NULL,
  `updated_at` timestamp NULL DEFAULT NULL
) ENGINE=MyISAM DEFAULT CHARSET=utf8mb4 COLLATE=utf8mb4_unicode_ci;

--
-- Dumping data for table `roles`
--

INSERT INTO `roles` (`id`, `name`, `description`, `created_at`, `updated_at`) VALUES
(1, 'reader', 'meter reading can put only', '2023-07-12 23:56:24', '2023-07-12 23:56:24'),
(2, 'incharge', 'verify reading', '2023-07-12 23:56:24', '2023-07-12 23:56:24'),
(3, 'admin', 'Admin Access of all application', '2023-07-12 23:56:24', '2023-07-12 23:56:24');

-- --------------------------------------------------------

--
-- Table structure for table `role_user`
--

CREATE TABLE `role_user` (
  `id` int(10) UNSIGNED NOT NULL,
  `role_id` int(10) UNSIGNED NOT NULL,
  `user_id` int(10) UNSIGNED NOT NULL
) ENGINE=MyISAM DEFAULT CHARSET=utf8mb4 COLLATE=utf8mb4_unicode_ci;

--
-- Dumping data for table `role_user`
--

INSERT INTO `role_user` (`id`, `role_id`, `user_id`) VALUES
(9, 3, 1),
(10, 1, 4),
(8, 2, 1),
(11, 1, 2);

-- --------------------------------------------------------

--
-- Table structure for table `slabs`
--

CREATE TABLE `slabs` (
  `id` int(11) NOT NULL,
  `sub_cat_id` int(11) NOT NULL,
  `slab_start_unit` int(11) NOT NULL,
  `slab_end_unit` int(11) NOT NULL,
  `total_units` int(11) NOT NULL DEFAULT 0,
  `charges` float NOT NULL,
  `is_active` int(11) NOT NULL DEFAULT 1
) ENGINE=InnoDB DEFAULT CHARSET=utf8mb4 COLLATE=utf8mb4_general_ci;

--
-- Dumping data for table `slabs`
--

INSERT INTO `slabs` (`id`, `sub_cat_id`, `slab_start_unit`, `slab_end_unit`, `total_units`, `charges`, `is_active`) VALUES
(1, 1, 1, 50, 50, 3.95, 1),
(2, 1, 51, 100, 50, 7.74, 1),
(3, 2, 1, 100, 100, 7.74, 1),
(4, 2, 101, 200, 100, 10.06, 1),
(5, 3, 1, 100, 100, 16.48, 1),
(6, 3, 101, 200, 100, 22.95, 1),
(7, 3, 201, 300, 100, 27.95, 1),
(8, 4, 1, 7000, 7000, 37.95, 1),
(9, 3, 301, 400, 100, 32.03, 1),
(10, 7, 1, 100000, 0, 50, 1),
(11, 3, 301, 400, 0, 32.03, 1),
(12, 3, 401, 500, 0, 35.24, 1);

-- --------------------------------------------------------

--
-- Table structure for table `sub_category_charges`
--

CREATE TABLE `sub_category_charges` (
  `id` int(11) NOT NULL,
  `sub_cat_id` int(11) NOT NULL,
  `charges_type_id` int(11) NOT NULL,
  `charges` float NOT NULL DEFAULT 0,
  `is_active` int(11) NOT NULL DEFAULT 1,
  `applicable_on` varchar(20) NOT NULL DEFAULT 'units',
  `code` varchar(40) DEFAULT NULL
) ENGINE=InnoDB DEFAULT CHARSET=utf8mb4 COLLATE=utf8mb4_general_ci;

--
-- Dumping data for table `sub_category_charges`
--

INSERT INTO `sub_category_charges` (`id`, `sub_cat_id`, `charges_type_id`, `charges`, `is_active`, `applicable_on`, `code`) VALUES
(1, 1, 2, 1.8, 1, 'units', 'FPA'),
(2, 2, 2, 1.8, 1, 'units', 'FPA'),
(4, 4, 2, 1.81, 1, 'units', 'FPA'),
(5, 1, 3, 1.2489, 1, 'units', 'QTRTA'),
(6, 2, 3, 1.2489, 1, 'units', 'QTRTA'),
(7, 4, 3, 1.2489, 1, 'units', 'QTRTA'),
(9, 1, 1, 0, 1, 'units', NULL),
(10, 2, 1, 0.43, 1, 'units', NULL),
(12, 3, 3, 1.2489, 1, 'units', 'QTRTA'),
(13, 3, 1, 3.23, 1, 'units', NULL),
(14, 3, 2, 1.81, 1, 'units', 'FPA'),
(15, 4, 1, 3.23, 1, 'units', NULL);

-- --------------------------------------------------------

--
-- Table structure for table `sub_divisions`
--

CREATE TABLE `sub_divisions` (
  `id` int(11) NOT NULL,
  `sub_division_code` int(11) NOT NULL,
  `name` text NOT NULL,
  `description` text DEFAULT NULL,
  `is_active` tinyint(4) NOT NULL DEFAULT 0,
  `division_id` int(11) DEFAULT NULL
) ENGINE=InnoDB DEFAULT CHARSET=utf8mb4 COLLATE=utf8mb4_general_ci;

--
-- Dumping data for table `sub_divisions`
--

INSERT INTO `sub_divisions` (`id`, `sub_division_code`, `name`, `description`, `is_active`, `division_id`) VALUES
(1, 261, 'Sardhari', NULL, 1, 1),
(2, 7, 'Chitral', NULL, 1, 2),
(3, 6, 'Reshun-1', NULL, 1, 3),
(4, 1, 'Upper Chitral', NULL, 1, 2);

-- --------------------------------------------------------

--
-- Table structure for table `tax_types`
--

CREATE TABLE `tax_types` (
  `id` int(11) NOT NULL,
  `title` text NOT NULL,
  `is_active` tinyint(4) NOT NULL DEFAULT 0
) ENGINE=InnoDB DEFAULT CHARSET=utf8mb4 COLLATE=utf8mb4_general_ci;

--
-- Dumping data for table `tax_types`
--

INSERT INTO `tax_types` (`id`, `title`, `is_active`) VALUES
(14, 'E.D', 1),
(15, 'E.D on FPA', 1);

-- --------------------------------------------------------

--
-- Table structure for table `users`
--

CREATE TABLE `users` (
  `id` int(10) UNSIGNED NOT NULL,
  `first_name` varchar(255) NOT NULL,
  `email` varchar(120) DEFAULT NULL,
  `password` varchar(60) DEFAULT NULL,
  `is_active` tinyint(1) NOT NULL DEFAULT 1,
  `remember_token` varchar(100) DEFAULT NULL,
  `created_at` timestamp NULL DEFAULT NULL,
  `updated_at` timestamp NULL DEFAULT NULL,
  `reg_no` varchar(30) DEFAULT NULL,
  `code` varchar(50) DEFAULT NULL,
  `card_expire_at` date DEFAULT NULL
) ENGINE=MyISAM DEFAULT CHARSET=utf8mb4 COLLATE=utf8mb4_unicode_ci;

--
-- Dumping data for table `users`
--

INSERT INTO `users` (`id`, `first_name`, `email`, `password`, `is_active`, `remember_token`, `created_at`, `updated_at`, `reg_no`, `code`, `card_expire_at`) VALUES
(1, 'admin', 'admin@gmail.com', '$2a$12$lcNe9KsxRGEoKvU6vGDhdu5ZZeEhmMyttzqyx9urNxvEvh./39V/m', 1, NULL, '2023-07-12 23:56:24', '2023-07-12 23:56:24', NULL, NULL, NULL),
(2, 'reader', 'reader@gmail.com', '$2a$12$lcNe9KsxRGEoKvU6vGDhdu5ZZeEhmMyttzqyx9urNxvEvh./39V/m', 1, NULL, '2023-09-01 05:32:55', '2023-09-01 05:32:55', NULL, '123', NULL),
(3, 'incharge', 'incharge@gmail.com', '$2a$12$lcNe9KsxRGEoKvU6vGDhdu5ZZeEhmMyttzqyx9urNxvEvh./39V/m', 1, NULL, '2023-09-01 05:32:55', '2023-09-01 05:32:55', NULL, NULL, NULL),
(4, 'Ikram', 'ikramghalib@gmail.com', '$2y$10$5GK60r45E58AIOW/q/xuROlij/e9f.PvqJCr8Pb7gnPrhrDwBwAnO', 1, NULL, '2023-10-17 06:49:43', '2023-10-17 06:49:43', NULL, NULL, NULL);

--
-- Indexes for dumped tables
--

--
-- Indexes for table `adjustments`
--
ALTER TABLE `adjustments`
  ADD PRIMARY KEY (`id`);

--
-- Indexes for table `banks`
--
ALTER TABLE `banks`
  ADD PRIMARY KEY (`id`);

--
-- Indexes for table `bill_generates`
--
ALTER TABLE `bill_generates`
  ADD PRIMARY KEY (`id`);

--
-- Indexes for table `charges_types`
--
ALTER TABLE `charges_types`
  ADD PRIMARY KEY (`id`);

--
-- Indexes for table `consumers`
--
ALTER TABLE `consumers`
  ADD PRIMARY KEY (`id`);

--
-- Indexes for table `consumer_bills`
--
ALTER TABLE `consumer_bills`
  ADD PRIMARY KEY (`id`);

--
-- Indexes for table `consumer_categories`
--
ALTER TABLE `consumer_categories`
  ADD PRIMARY KEY (`id`);

--
-- Indexes for table `consumer_ledgers`
--
ALTER TABLE `consumer_ledgers`
  ADD PRIMARY KEY (`id`);

--
-- Indexes for table `consumer_meters`
--
ALTER TABLE `consumer_meters`
  ADD PRIMARY KEY (`cm_id`);

--
-- Indexes for table `consumer_sub_categories`
--
ALTER TABLE `consumer_sub_categories`
  ADD PRIMARY KEY (`id`);

--
-- Indexes for table `divisions`
--
ALTER TABLE `divisions`
  ADD PRIMARY KEY (`id`);

--
-- Indexes for table `failed_jobs`
--
ALTER TABLE `failed_jobs`
  ADD PRIMARY KEY (`id`),
  ADD UNIQUE KEY `failed_jobs_uuid_unique` (`uuid`);

--
-- Indexes for table `feeders`
--
ALTER TABLE `feeders`
  ADD PRIMARY KEY (`id`);

--
-- Indexes for table `general_taxs`
--
ALTER TABLE `general_taxs`
  ADD PRIMARY KEY (`id`);

--
-- Indexes for table `master_categories`
--
ALTER TABLE `master_categories`
  ADD PRIMARY KEY (`id`);

--
-- Indexes for table `meters_old`
--
ALTER TABLE `meters_old`
  ADD PRIMARY KEY (`meter_id`);

--
-- Indexes for table `meter_reader_groups`
--
ALTER TABLE `meter_reader_groups`
  ADD PRIMARY KEY (`id`);

--
-- Indexes for table `meter_readings`
--
ALTER TABLE `meter_readings`
  ADD PRIMARY KEY (`id`);

--
-- Indexes for table `migrations`
--
ALTER TABLE `migrations`
  ADD PRIMARY KEY (`id`);

--
-- Indexes for table `oauth_access_tokens`
--
ALTER TABLE `oauth_access_tokens`
  ADD PRIMARY KEY (`id`),
  ADD KEY `oauth_access_tokens_user_id_index` (`user_id`);

--
-- Indexes for table `oauth_auth_codes`
--
ALTER TABLE `oauth_auth_codes`
  ADD PRIMARY KEY (`id`),
  ADD KEY `oauth_auth_codes_user_id_index` (`user_id`);

--
-- Indexes for table `oauth_clients`
--
ALTER TABLE `oauth_clients`
  ADD PRIMARY KEY (`id`),
  ADD KEY `oauth_clients_user_id_index` (`user_id`);

--
-- Indexes for table `oauth_personal_access_clients`
--
ALTER TABLE `oauth_personal_access_clients`
  ADD PRIMARY KEY (`id`);

--
-- Indexes for table `oauth_refresh_tokens`
--
ALTER TABLE `oauth_refresh_tokens`
  ADD PRIMARY KEY (`id`),
  ADD KEY `oauth_refresh_tokens_access_token_id_index` (`access_token_id`);

--
-- Indexes for table `options`
--
ALTER TABLE `options`
  ADD PRIMARY KEY (`id`);

--
-- Indexes for table `password_resets`
--
ALTER TABLE `password_resets`
  ADD KEY `password_resets_email_index` (`email`);

--
-- Indexes for table `payment_receives`
--
ALTER TABLE `payment_receives`
  ADD PRIMARY KEY (`id`);

--
-- Indexes for table `personal_access_tokens`
--
ALTER TABLE `personal_access_tokens`
  ADD PRIMARY KEY (`id`),
  ADD UNIQUE KEY `personal_access_tokens_token_unique` (`token`),
  ADD KEY `personal_access_tokens_tokenable_type_tokenable_id_index` (`tokenable_type`,`tokenable_id`);

--
-- Indexes for table `reading_approve`
--
ALTER TABLE `reading_approve`
  ADD PRIMARY KEY (`id`);

--
-- Indexes for table `reset_code_passwords`
--
ALTER TABLE `reset_code_passwords`
  ADD PRIMARY KEY (`id`),
  ADD KEY `reset_code_passwords_email_index` (`email`);

--
-- Indexes for table `roles`
--
ALTER TABLE `roles`
  ADD PRIMARY KEY (`id`);

--
-- Indexes for table `role_user`
--
ALTER TABLE `role_user`
  ADD PRIMARY KEY (`id`);

--
-- Indexes for table `slabs`
--
ALTER TABLE `slabs`
  ADD PRIMARY KEY (`id`);

--
-- Indexes for table `sub_category_charges`
--
ALTER TABLE `sub_category_charges`
  ADD PRIMARY KEY (`id`);

--
-- Indexes for table `sub_divisions`
--
ALTER TABLE `sub_divisions`
  ADD PRIMARY KEY (`id`);

--
-- Indexes for table `tax_types`
--
ALTER TABLE `tax_types`
  ADD PRIMARY KEY (`id`);

--
-- Indexes for table `users`
--
ALTER TABLE `users`
  ADD PRIMARY KEY (`id`);

--
-- AUTO_INCREMENT for dumped tables
--

--
-- AUTO_INCREMENT for table `adjustments`
--
ALTER TABLE `adjustments`
  MODIFY `id` int(11) NOT NULL AUTO_INCREMENT;

--
-- AUTO_INCREMENT for table `banks`
--
ALTER TABLE `banks`
  MODIFY `id` int(11) NOT NULL AUTO_INCREMENT, AUTO_INCREMENT=2;

--
-- AUTO_INCREMENT for table `bill_generates`
--
ALTER TABLE `bill_generates`
  MODIFY `id` int(11) NOT NULL AUTO_INCREMENT, AUTO_INCREMENT=2;

--
-- AUTO_INCREMENT for table `charges_types`
--
ALTER TABLE `charges_types`
  MODIFY `id` int(11) NOT NULL AUTO_INCREMENT, AUTO_INCREMENT=4;

--
-- AUTO_INCREMENT for table `consumers`
--
ALTER TABLE `consumers`
  MODIFY `id` int(10) UNSIGNED NOT NULL AUTO_INCREMENT, AUTO_INCREMENT=3;

--
-- AUTO_INCREMENT for table `consumer_bills`
--
ALTER TABLE `consumer_bills`
  MODIFY `id` int(11) NOT NULL AUTO_INCREMENT, AUTO_INCREMENT=3;

--
-- AUTO_INCREMENT for table `consumer_categories`
--
ALTER TABLE `consumer_categories`
  MODIFY `id` int(10) UNSIGNED NOT NULL AUTO_INCREMENT, AUTO_INCREMENT=5;

--
-- AUTO_INCREMENT for table `consumer_ledgers`
--
ALTER TABLE `consumer_ledgers`
  MODIFY `id` int(11) NOT NULL AUTO_INCREMENT, AUTO_INCREMENT=4;

--
-- AUTO_INCREMENT for table `consumer_meters`
--
ALTER TABLE `consumer_meters`
  MODIFY `cm_id` int(11) NOT NULL AUTO_INCREMENT, AUTO_INCREMENT=3;

--
-- AUTO_INCREMENT for table `consumer_sub_categories`
--
ALTER TABLE `consumer_sub_categories`
  MODIFY `id` int(10) UNSIGNED NOT NULL AUTO_INCREMENT, AUTO_INCREMENT=9;

--
-- AUTO_INCREMENT for table `divisions`
--
ALTER TABLE `divisions`
  MODIFY `id` int(11) NOT NULL AUTO_INCREMENT, AUTO_INCREMENT=4;

--
-- AUTO_INCREMENT for table `failed_jobs`
--
ALTER TABLE `failed_jobs`
  MODIFY `id` bigint(20) UNSIGNED NOT NULL AUTO_INCREMENT;

--
-- AUTO_INCREMENT for table `feeders`
--
ALTER TABLE `feeders`
  MODIFY `id` int(11) NOT NULL AUTO_INCREMENT, AUTO_INCREMENT=6;

--
-- AUTO_INCREMENT for table `general_taxs`
--
ALTER TABLE `general_taxs`
  MODIFY `id` int(11) NOT NULL AUTO_INCREMENT, AUTO_INCREMENT=19;

--
-- AUTO_INCREMENT for table `master_categories`
--
ALTER TABLE `master_categories`
  MODIFY `id` int(10) UNSIGNED NOT NULL AUTO_INCREMENT;

--
-- AUTO_INCREMENT for table `meters_old`
--
ALTER TABLE `meters_old`
  MODIFY `meter_id` int(11) NOT NULL AUTO_INCREMENT, AUTO_INCREMENT=8509;

--
-- AUTO_INCREMENT for table `meter_reader_groups`
--
ALTER TABLE `meter_reader_groups`
  MODIFY `id` int(11) NOT NULL AUTO_INCREMENT, AUTO_INCREMENT=3;

--
-- AUTO_INCREMENT for table `meter_readings`
--
ALTER TABLE `meter_readings`
  MODIFY `id` int(11) NOT NULL AUTO_INCREMENT, AUTO_INCREMENT=3;

--
-- AUTO_INCREMENT for table `migrations`
--
ALTER TABLE `migrations`
  MODIFY `id` int(10) UNSIGNED NOT NULL AUTO_INCREMENT, AUTO_INCREMENT=26;

--
-- AUTO_INCREMENT for table `oauth_clients`
--
ALTER TABLE `oauth_clients`
  MODIFY `id` bigint(20) UNSIGNED NOT NULL AUTO_INCREMENT, AUTO_INCREMENT=5;

--
-- AUTO_INCREMENT for table `oauth_personal_access_clients`
--
ALTER TABLE `oauth_personal_access_clients`
  MODIFY `id` bigint(20) UNSIGNED NOT NULL AUTO_INCREMENT, AUTO_INCREMENT=3;

--
-- AUTO_INCREMENT for table `options`
--
ALTER TABLE `options`
  MODIFY `id` int(10) UNSIGNED NOT NULL AUTO_INCREMENT, AUTO_INCREMENT=42;

--
-- AUTO_INCREMENT for table `payment_receives`
--
ALTER TABLE `payment_receives`
  MODIFY `id` int(11) NOT NULL AUTO_INCREMENT, AUTO_INCREMENT=2;

--
-- AUTO_INCREMENT for table `personal_access_tokens`
--
ALTER TABLE `personal_access_tokens`
  MODIFY `id` bigint(20) UNSIGNED NOT NULL AUTO_INCREMENT;

--
-- AUTO_INCREMENT for table `reading_approve`
--
ALTER TABLE `reading_approve`
  MODIFY `id` int(11) NOT NULL AUTO_INCREMENT, AUTO_INCREMENT=2;

--
-- AUTO_INCREMENT for table `reset_code_passwords`
--
ALTER TABLE `reset_code_passwords`
  MODIFY `id` int(11) NOT NULL AUTO_INCREMENT;

--
-- AUTO_INCREMENT for table `roles`
--
ALTER TABLE `roles`
  MODIFY `id` int(10) UNSIGNED NOT NULL AUTO_INCREMENT, AUTO_INCREMENT=4;

--
-- AUTO_INCREMENT for table `role_user`
--
ALTER TABLE `role_user`
  MODIFY `id` int(10) UNSIGNED NOT NULL AUTO_INCREMENT, AUTO_INCREMENT=12;

--
-- AUTO_INCREMENT for table `slabs`
--
ALTER TABLE `slabs`
  MODIFY `id` int(11) NOT NULL AUTO_INCREMENT, AUTO_INCREMENT=13;

--
-- AUTO_INCREMENT for table `sub_category_charges`
--
ALTER TABLE `sub_category_charges`
  MODIFY `id` int(11) NOT NULL AUTO_INCREMENT, AUTO_INCREMENT=16;

--
-- AUTO_INCREMENT for table `sub_divisions`
--
ALTER TABLE `sub_divisions`
  MODIFY `id` int(11) NOT NULL AUTO_INCREMENT, AUTO_INCREMENT=5;

--
-- AUTO_INCREMENT for table `tax_types`
--
ALTER TABLE `tax_types`
  MODIFY `id` int(11) NOT NULL AUTO_INCREMENT, AUTO_INCREMENT=16;

--
-- AUTO_INCREMENT for table `users`
--
ALTER TABLE `users`
  MODIFY `id` int(10) UNSIGNED NOT NULL AUTO_INCREMENT, AUTO_INCREMENT=5;
COMMIT;

/*!40101 SET CHARACTER_SET_CLIENT=@OLD_CHARACTER_SET_CLIENT */;
/*!40101 SET CHARACTER_SET_RESULTS=@OLD_CHARACTER_SET_RESULTS */;
/*!40101 SET COLLATION_CONNECTION=@OLD_COLLATION_CONNECTION */;
